GID,Handle
gid://shopify/Product/15448928584004,peleti-govedeg-stajnjaka-3u1-velika-torba-1000-kg-za-10-000-m2
gid://shopify/Product/15448928616772,peleti-govedeg-stajnjaka-3u1-velika-torba-250-kg-za-2-500-m2
gid://shopify/Product/15448928649540,peleti-govedeg-stajnjaka-3u1-20-kg-za-200-m2
gid://shopify/Product/15448928682308,peleti-govedeg-stajnjaka-3u1-10-kg-za-100-m2
gid://shopify/Product/15448937169220,peleti-govedeg-stajnjaka-3u1-velika-torba-500-kg-za-5-000-m2
gid://shopify/Product/15448937234756,peleti-govedeg-stajnjaka-3u1-10x-200-kg-za-2-000-m2
gid://shopify/Product/15448937300292,gnojivo-za-pasnjake-sve-u-jednom-5-kg-za-100-m2
gid://shopify/Product/15448937333060,jesensko-gnojivo-sve-u-jednom-5-kg-za-100-m2
gid://shopify/Product/15448938643780,peleti-govedeg-stajnjaka-3u1-20x-400-kg-za-4-000-m2
gid://shopify/Product/15448939725124,peleti-govedeg-stajnjaka-3u1-40x-800-kg-za-8-000-m2
gid://shopify/Product/15448942346564,gnojivo-za-travnjak-sve-u-jednom-5-kg-za-100-m2
gid://shopify/Product/15448942903620,sve-u-jednom-vrtno-gnojivo-5-kg-za-50-m2
gid://shopify/Product/15448947294532,vegan-gnojivo-na-biljnoj-bazi-5-kg-za-50-m2
gid://shopify/Product/15448947949892,peleti-govedeg-stajnjaka-3u1-5-kg-za-50-m2
gid://shopify/Product/15448948146500,peleti-govedeg-stajnjaka-3u1-big-bag-750-kg-za-7-500-m2
gid://shopify/Product/15448949489988,gnojivo-za-pasnjake-sve-u-jednom-20-kg-za-400-m2
gid://shopify/Product/15448949817668,vapneno-gnojivo-s-magnezijem-10-kg-za-200-m2
gid://shopify/Product/15448951062852,gnojivo-za-pasnjake-sve-u-jednom-10-kg-za-200-m2
gid://shopify/Product/15448953422148,gnojivo-za-pasnjake-sve-u-jednom-velika-torba-1000-kg-za-20-000-m2
gid://shopify/Product/15448953979204,gnojivo-za-pasnjake-sve-u-jednom-10x-200-kg-za-4-000-m2
gid://shopify/Product/15448954503492,jesensko-gnojivo-sve-u-jednom-10-kg-za-200-m2
gid://shopify/Product/15448956797252,gnojivo-za-pasnjake-sve-u-jednom-40x-800-kg-za-16-000-m2
gid://shopify/Product/15448958894404,gnojivo-za-pasnjake-sve-u-jednom-20x-400-kg-za-8-000-m2
gid://shopify/Product/15448960172356,jesensko-gnojivo-sve-u-jednom-velika-torba-1000-kg-za-20-000-m2
gid://shopify/Product/15448960303428,jesensko-gnojivo-sve-u-jednom-20-kg-za-400-m2
gid://shopify/Product/15448960565572,jesensko-gnojivo-sve-u-jednom-40x-800-kg-za-16-000-m2
gid://shopify/Product/15448960631108,jesensko-gnojivo-sve-u-jednom-10x-200-kg-za-4000-m2
gid://shopify/Product/15448960696644,gnojivo-za-travnjak-sve-u-jednom-10-kg-za-200-m2
gid://shopify/Product/15448960991556,gnojivo-za-travnjak-sve-u-jednom-20-kg-za-400-m2
gid://shopify/Product/15448961155396,jesensko-gnojivo-sve-u-jednom-20x-400-kg-za-8000-m2
gid://shopify/Product/15448961319236,gnojivo-za-travnjak-sve-u-jednom-velika-torba-1000-kg-za-20000-m2
gid://shopify/Product/15448961909060,gnojivo-za-travnjak-sve-u-jednom-40x-800-kg-za-16-000-m2
gid://shopify/Product/15448964104516,gnojivo-za-travnjak-sve-u-jednom-20x-400-kg-za-8-000-m2
gid://shopify/Product/15448964202820,gnojivo-za-travnjak-sve-u-jednom-10x-200-kg-za-4-000-m2
gid://shopify/Product/15448964661572,sve-u-jednom-vrtno-gnojivo-20-kg-za-200-m2
gid://shopify/Product/15448972951876,sve-u-jednom-vrtno-gnojivo-10-kg-za-100-m2
gid://shopify/Product/15448973279556,sve-u-jednom-vrtno-gnojivo-10x-200-kg-za-2-000-m2
gid://shopify/Product/15448975114564,sve-u-jednom-vrtno-gnojivo-velika-torba-1000-kg-za-10000-m2
gid://shopify/Product/15448975343940,vegan-gnojivo-na-biljnoj-bazi-10-kg-za-100-m2
gid://shopify/Product/15448975573316,sve-u-jednom-vrtno-gnojivo-40x-800-kg-za-8-000-m2
gid://shopify/Product/15448975704388,vegan-gnojivo-na-biljnoj-bazi-20-kg-za-200-m2
gid://shopify/Product/15448978161988,sve-u-jednom-vrtno-gnojivo-20x-400-kg-za-4-000-m2
gid://shopify/Product/15448978194756,vegan-gnojivo-na-biljnoj-bazi-velika-torba-1000-kg-za-10-000-m2
gid://shopify/Product/15448978981188,vegan-gnojivo-na-biljnoj-bazi-10x-200-kg-za-2-000-m2
gid://shopify/Product/15448979276100,vegan-gnojivo-na-biljnoj-bazi-20x-400-kg-za-4-000-m2
gid://shopify/Product/15448986157380,vegan-gnojivo-na-biljnoj-bazi-40x-800-kg-za-8-000-m2
gid://shopify/Product/15448986845508,lava-meal-od-praiskonske-stijene-iz-eifela-20-kg-za-200-m2
gid://shopify/Product/15448987009348,lava-meal-od-praiskonske-stijene-iz-eifela-12x-240-kg-za-2400-m2
gid://shopify/Product/15448989237572,lava-meal-od-praiskonske-stijene-iz-eifela-48x-960-kg-za-9600-m2
gid://shopify/Product/15448989466948,vapneno-gnojivo-s-magnezijem-20-kg-za-400-m2
gid://shopify/Product/15448990449988,vapneno-gnojivo-s-magnezijem-velika-torba-1200-kg-za-24-000-m2
gid://shopify/Product/15448990482756,vapneno-gnojivo-s-magnezijem-velika-torba-600-kg-za-12-000-m2
gid://shopify/Product/15448992776516,vapneno-gnojivo-s-magnezijem-10x-200-kg-za-4-000-m2
gid://shopify/Product/15448993268036,vapneno-gnojivo-s-magnezijem-40x-800-kg-za-16-000-m2
gid://shopify/Product/15448996413764,vapneno-gnojivo-s-magnezijem-20x-400-kg-za-8-000-m2
gid://shopify/Product/15448997003588,lava-meal-od-praiskonske-stijene-iz-eifela-24x-480-kg-za-4800-m2
gid://shopify/Product/15449001001284,vapneno-gnojivo-s-magnezijem-5-kg-za-100-m2
gid://shopify/Product/15449001820484,tekuce-gnojivo-za-fazu-rasta-amino-power-250-ml-koncentrat-za-125-l
gid://shopify/Product/15449001951556,tekuce-gnojivo-za-fazu-rasta-amino-power-500-ml-koncentrat-za-250-l
gid://shopify/Product/15449002344772,tekuce-gnojivo-za-fazu-rasta-amino-power-1000-ml-koncentrat-za-500-l
gid://shopify/Product/15449003622724,tekuce-gnojivo-za-fazu-cvjetanja-iron-power-500-ml-koncentrat-za-250-l
gid://shopify/Product/15449003655492,tekuce-gnojivo-za-fazu-cvjetanja-iron-power-250-ml-koncentrat-za-125-l
gid://shopify/Product/15449003884868,tekuce-gnojivo-za-fazu-cvjetanja-iron-power-1000-ml-koncentrat-za-500-l
gid://shopify/Product/15449004114244,stimulator-korijena-roots-power-koncentrat-250-ml
gid://shopify/Product/15449005195588,buxus-vital-250-ml-koncentrat-za-25-metara-zive-ograde-od-simsira
gid://shopify/Product/15449005556036,stimulator-korijena-roots-power-koncentrat-500-ml
gid://shopify/Product/15449005588804,stimulator-korijena-roots-power-koncentrat-1000-ml
gid://shopify/Product/15449005687108,buxus-vital-500-ml-koncentrat-za-50-metara-zive-ograde-od-simsira
gid://shopify/Product/15449006833988,buxus-vital-1000-ml-koncentrat-za-100-metara-zive-ograde-od-simsira
gid://shopify/Product/15449006899524,sredstvo-za-prevenciju-puzeva-500-ml-koncentrat-za-500-m2
gid://shopify/Product/15449007391044,sredstvo-za-prevenciju-puzeva-250-ml-koncentrat-za-250-m2
gid://shopify/Product/15449007489348,sredstvo-za-prevenciju-puzeva-1000-ml-koncentrat-za-1000-m2
gid://shopify/Product/15449009422660,phytophthora-koncentrat-250-ml-za-250-m2
gid://shopify/Product/15449013256516,phytophthora-koncentrat-500-ml-za-500-m2
gid://shopify/Product/15449013289284,phytophthora-koncentrat-1000-ml-za-1000-m2
gid://shopify/Product/15449013322052,nematode-koncentrat-protiv-nematoda-u-tlu-250ml-za-250-m2
gid://shopify/Product/15449014174020,nematode-koncentrat-protiv-nematoda-u-tlu-500ml-za-500-m2
gid://shopify/Product/15449015025988,koncentrat-protiv-insekata-za-travu-500-ml-za-125-m2
gid://shopify/Product/15449015058756,koncentrat-protiv-insekata-za-travu-250-ml-za-62-m2
gid://shopify/Product/15449015091524,koncentrat-fungicida-protiv-tla-250-ml-na-250-m2
gid://shopify/Product/15449015550276,nematode-koncentrat-protiv-nematoda-u-tlu-1000ml-za-1000-m2
gid://shopify/Product/15449017286980,koncentrat-fungicida-protiv-tla-500-ml-na-500-m2
gid://shopify/Product/15449017483588,koncentrat-protiv-insekata-za-travu-1000-ml-za-250-m2
gid://shopify/Product/15449017516356,koncentrat-fungicida-protiv-tla-1000-ml-na-1000-m2
gid://shopify/Product/15449017581892,koncentrat-protiv-tlacnih-insekata-1000-ml-za-1000-m2
gid://shopify/Product/15449019416900,koncentrat-protiv-tlacnih-insekata-250-ml-za-250-m2
gid://shopify/Product/15449021153604,koncentrat-protiv-tlacnih-insekata-500-ml-za-500-m2
gid://shopify/Product/15449022005572,koncentrat-protiv-bolesti-lista-500-ml-za-500-m2
gid://shopify/Product/15449022628164,koncentrat-protiv-insekata-na-listovima-250-ml-za-250-m2
gid://shopify/Product/15449024201028,koncentrat-protiv-bolesti-lista-250-ml-za-250-m2
gid://shopify/Product/15449024692548,koncentrat-protiv-bolesti-lista-1000-ml-za-1000-m2
gid://shopify/Product/15449026199876,koncentrat-protiv-insekata-na-listovima-1000-ml-za-1000-m2
gid://shopify/Product/15449026724164,bazaltni-prah-za-poboljsanje-tla-za-glinovita-tla-20-kg-za-200-m
gid://shopify/Product/15449027051844,koncentrat-protiv-insekata-na-listovima-500-ml-za-500-m2
gid://shopify/Product/15449027084612,bazaltni-prah-za-poboljsanje-tla-za-glinovita-tla-12x-240-kg-za-2-400-m2
gid://shopify/Product/15449028133188,bazaltni-prah-za-poboljsanje-tla-za-glinovita-tla-48x-960-kg-za-9-600-m2
gid://shopify/Product/15449028264260,bazaltni-prah-za-poboljsanje-tla-za-glinovita-tla-24x-480-kg-za-4-800-m2
gid://shopify/Product/15449028395332,lava-granule-od-praiskonske-stijene-iz-eifela-12x-240-kg-za-2-400-m2
gid://shopify/Product/15449028723012,lava-granule-od-praiskonske-stijene-iz-eifela-50x-1000-kg-za-10-000-m2
gid://shopify/Product/15449028755780,lava-granule-od-praiskonske-stijene-iz-eifela-25x-500-kg-za-5-000-m2
gid://shopify/Product/15449028886852,sjeme-dekorativne-trave-elegantno-1-kg-za-50-m2
gid://shopify/Product/15449030558020,sjeme-dekorativne-trave-elegantno-5-kg-za-250-m2
gid://shopify/Product/15449031049540,lava-granule-od-praiskonske-stijene-iz-eifela-20-kg-za-200-m2
gid://shopify/Product/15449033376068,sjeme-za-popravak-travnjaka-otporno-5-kg-za-250-m2
gid://shopify/Product/15449033408836,sjeme-dekorativne-trave-elegantno-15-kg-za-750-m2
gid://shopify/Product/15449033933124,sjeme-za-popravak-travnjaka-otporno-1-kg-za-50-m2
gid://shopify/Product/15449036325188,pasnjak-sjemenska-livada-za-konje-i-sitnu-stoku-15-kg-za-3000-m2
gid://shopify/Product/15449037963588,pelete-od-pileceg-gnoja-5-kg-za-50-m2
gid://shopify/Product/15449037996356,sjeme-za-popravak-travnjaka-otporno-15-kg-za-750-m2
gid://shopify/Product/15449038422340,pelete-od-pileceg-gnoja-10-kg-za-100-m2
gid://shopify/Product/15449038618948,pelete-od-pileceg-gnoja-20kg-za-200-m2
gid://shopify/Product/15449038815556,pelete-od-pileceg-gnoja-40x-800-kg-za-8000-m2
gid://shopify/Product/15449038913860,pelete-od-pileceg-gnoja-20x-400-kg-za-4000-m2
gid://shopify/Product/15449039077700,pelete-od-pileceg-gnoja-10x-200-kg-za-2000-m2
gid://shopify/Product/15449039569220,suseni-kravlji-stajnjak-velika-torba-500-litara-za-500-m2
gid://shopify/Product/15449039700292,suseni-kravlji-stajnjak-velika-torba-1500-litres-za-1500m2
gid://shopify/Product/15449039831364,alge-limete-u-prahu-cisti-lithothamnium-calcareum-5-kg-za-250-m2
gid://shopify/Product/15449039929668,suseni-kravlji-stajnjak-velika-torba-1000-litres-za-1-000m2
gid://shopify/Product/15449040421188,alge-limete-u-prahu-cisti-lithothamnium-calcareum-10-kg-za-500-m2
gid://shopify/Product/15449040585028,alge-limete-u-prahu-cisti-lithothamnium-calcareum-20-kg-za-1000-m2
gid://shopify/Product/15449040617796,kapsule-protiv-insekata-na-listovima-pakiranje-od-36-komada
gid://shopify/Product/15449043468612,brasnar-frass-granule-gnojiva-protiv-insekata-20-kg-za-200-m2
gid://shopify/Product/15449043632452,brasnar-frass-granule-gnojiva-protiv-insekata-10x-200kg-za-2000m2
gid://shopify/Product/15449043763524,frass-od-brasnara-insektno-gnojivo-u-granulama-40x-800kg-za-8000m2
gid://shopify/Product/15449043992900,frass-od-brasnara-insektno-gnojivo-u-granulama-velika-torba-1000-kg-za-10-000-m2
gid://shopify/Product/15449046057284,frass-od-brasnara-insektno-gnojivo-u-granulama-20x-400kg-za-4000m2
gid://shopify/Product/15449046122820,phytophthora-koncentrat-5-l-za-5000-m2
gid://shopify/Product/15449046155588,phytophthora-koncentrat-10-l-za-10-000-m2
gid://shopify/Product/15449046221124,koncentrat-protiv-insekata-na-listovima-5-l-za-5000-m2
gid://shopify/Product/15449048613188,koncentrat-protiv-insekata-na-listovima-10-l-za-10-000-m2
gid://shopify/Product/15449051300164,koncentrat-protiv-bolesti-lista-10-l-za-10-000-m2
gid://shopify/Product/15449051529540,koncentrat-protiv-bolesti-lista-5-l-za-5-000-m2
gid://shopify/Product/15449051595076,nematode-koncentrat-protiv-nematoda-u-tlu-5-l-za-5000-m2
gid://shopify/Product/15449051693380,koncentrat-fungicida-protiv-tla-5-l-na-5000-m2
gid://shopify/Product/15449052971332,koncentrat-protiv-tlacnih-insekata-5-l-za-5000-m2
gid://shopify/Product/15449053364548,koncentrat-fungicida-protiv-tla-10-l-na-10-000-m2
gid://shopify/Product/15449053430084,nematode-koncentrat-protiv-nematoda-u-tlu-10-l-za-10-000-m2
gid://shopify/Product/15449053593924,buxus-vital-5-l-koncentrat-za-500-metara-zive-ograde-od-simsira
gid://shopify/Product/15449053724996,buxus-vital-10-l-koncentrat-za-1000-metara-zive-ograde-od-simsira
gid://shopify/Product/15449053987140,koncentrat-protiv-insekata-za-travu-10-l-za-2500-m2
gid://shopify/Product/15449054019908,koncentrat-protiv-insekata-za-travu-5-l-za-1250-m2
gid://shopify/Product/15449055134020,sredstvo-za-prevenciju-puzeva-5-l-koncentrat-za-5000-m2
gid://shopify/Product/15449055461700,sredstvo-za-prevenciju-puzeva-10-l-koncentrat-za-10-000-m2
gid://shopify/Product/15449056379204,tekuce-gnojivo-za-fazu-rasta-amino-power-10-l-koncentrat-za-5000-l
gid://shopify/Product/15449056411972,koncentrat-protiv-tlacnih-insekata-10-l-za-10-000m2
gid://shopify/Product/15449057198404,tekuce-gnojivo-za-fazu-cvjetanja-iron-power-10-l-koncentrat-za-5000-l
gid://shopify/Product/15449057362244,stimulator-korijena-roots-power-koncentrat-5-l
gid://shopify/Product/15449057689924,bentonitna-glina-poboljsivac-tla-za-pjeskovita-tla-20-kg-za-200-m2
gid://shopify/Product/15449058967876,bentonitna-glina-poboljsivac-tla-za-pjeskovita-tla-velika-torba-1000-kg-za-10-000-m2
gid://shopify/Product/15449060278596,bentonitna-glina-poboljsivac-tla-za-pjeskovita-tla-12x-240-kg-za-2400-m2
gid://shopify/Product/15449060933956,bentonitna-glina-poboljsivac-tla-za-pjeskovita-tla-48x-960-kg-za-9600-m2
gid://shopify/Product/15449061687620,bentonitna-glina-poboljsivac-tla-za-pjeskovita-tla-24x-480-kg-za-4800-m2
gid://shopify/Product/15449062768964,sjeme-za-sportski-i-igraci-travnjak-resilient-1-kg-za-50-m2
gid://shopify/Product/15449063588164,sjeme-za-sportski-i-igraci-travnjak-resilient-15-kg-za-750-m2
gid://shopify/Product/15449063883076,sjeme-za-sportski-i-igraci-travnjak-resilient-5-kg-za-250-m2
gid://shopify/Product/15449064571204,sjeme-travnjaka-za-sjenu-elegant-1-kg-za-50-m2
gid://shopify/Product/15449065685316,sjeme-travnjaka-za-sjenu-elegant-5-kg-za-250-m2
gid://shopify/Product/15449066111300,kapsule-protiv-insekata-na-listovima-pakiranje-od-72-komada
gid://shopify/Product/15449066996036,sjeme-travnjaka-za-sjenu-elegant-15-kg-za-750-m2
gid://shopify/Product/15449067061572,kapsule-protiv-bolesti-lista-pakiranje-od-36-komada
gid://shopify/Product/15449067553092,kapsule-protiv-bolesti-lista-pakiranje-od-144-komada
gid://shopify/Product/15449067651396,pasnjak-sjemenska-livada-za-konje-i-sitnu-stoku-5-kg-za-1000-m2
gid://shopify/Product/15449067749700,kapsule-protiv-bolesti-lista-pakiranje-od-72-komada
gid://shopify/Product/15449067913540,poboljsivac-tla-aktivatorska-mjesavina-velika-vreca-500-l-za-500-m2
gid://shopify/Product/15449068077380,poboljsivac-tla-aktivatorska-mjesavina-velika-vreca-1500-l-za-1500-m2
gid://shopify/Product/15449068273988,mjesavina-za-prozracivanje-sjemenke-trave-gnojivo-poboljsivac-tla-5-kg-za-150-m2
gid://shopify/Product/15449069027652,mjesavina-za-prozracivanje-sjemenke-trave-gnojivo-poboljsivac-tla-10-kg-za-300-m2
gid://shopify/Product/15449069060420,mjesavina-za-prozracivanje-sjemenke-trave-gnojivo-poboljsivac-tla-15-kg-za-450-m2
gid://shopify/Product/15449069945156,univerzalno-gnojivo-all-in-one-tekuce-25l-za-250l
gid://shopify/Product/15449071026500,univerzalno-gnojivo-all-in-one-tekuce-5-l-za-500-l
gid://shopify/Product/15449071288644,univerzalno-gnojivo-all-in-one-tekuce-10-l-za-1000-l
gid://shopify/Product/15449071321412,gnojivo-sa-zeljeznim-sulfatom-sredstvo-za-uklanjanje-mahovine-5-kg-za-200-m2
gid://shopify/Product/15449071386948,gnojivo-sa-zeljeznim-sulfatom-sredstvo-za-uklanjanje-mahovine-10-kg-za-400-m2
gid://shopify/Product/15449072435524,kapsule-protiv-insekata-na-listovima-pakiranje-od-144-komada
gid://shopify/Product/15449073844548,livadska-mjesavina-bilja-za-pasnjak-za-konje-250-g-za-3000-m2
gid://shopify/Product/15449073910084,poboljsivac-tla-aktivatorska-mjesavina-velika-vreca-1000-l-za-1000-m2
gid://shopify/Product/15449074565444,vinasse-nk-gnojivo-4-5-8-tekuce-800-l-ibc
gid://shopify/Product/15449076138308,gnojivo-sa-zeljeznim-sulfatom-sredstvo-za-uklanjanje-mahovine-20-kg-za-800-m2
gid://shopify/Product/15449077809476,mjesavina-divljeg-cvijeca-bioraznolikost-62-sorte-100-g-za-50-m2
gid://shopify/Product/15449078497604,mjesavina-cvijeta-leptira-i-pcela-nektar-40-vrsta-100-g-za-50-m2
gid://shopify/Product/15449078628676,mjesavina-cvijeta-leptira-i-pcela-nektar-40-vrsta-500-g-za-250-m2
gid://shopify/Product/15449078989124,mjesavina-divljeg-cvijeca-bioraznolikost-62-sorte-500-g-za-250-m2
gid://shopify/Product/15449079120196,mjesavina-divljeg-cvijeca-bioraznolikost-62-sorte-1kg-za-500-m2
gid://shopify/Product/15449079185732,mjesavina-rezanog-cvijeca-boje-32-vrste-500-g-za-250-m2
gid://shopify/Product/15449079316804,mjesavina-rezanog-cvijeca-boje-32-vrste-1-kg-za-500-m2
gid://shopify/Product/15449079415108,mjesavina-rezanog-cvijeca-boje-32-vrste-100-g-za-50-m2
gid://shopify/Product/15449079644484,mjesavina-cvijeta-leptira-i-pcela-nektar-40-vrsta-1kg-za-500-m2
gid://shopify/Product/15449080201540,em-kuglice-za-jezerce-s-prehranom-za-biljke-6-komada-za-1-godinu-prehrane-biljaka
gid://shopify/Product/15449080267076,pelete-od-pileceg-gnoja-velika-torba-600-kg-za-6-000-m2
gid://shopify/Product/15449080430916,em-kuglice-za-jezerce-s-prehranom-za-biljke-20-komada-za-1-godinu-prehrane-biljaka
gid://shopify/Product/15449080856900,alge-limete-u-prahu-cisti-lithothamnium-calcareum-velika-vreca-1000-kg-za-5-ha
gid://shopify/Product/15449081020740,algalno-vapneno-granulat-cisti-lithothamnium-calcareum-velika-vreca-1000-kg-za-5-ha
gid://shopify/Product/15449082528068,dijatomejska-zemlja-100-cista-ultra-fini-prah-vreca-od-50-litara-20-kg
gid://shopify/Product/15449082560836,dijatomejska-zemlja-100-cista-ultra-fini-prah-vreca-od-25-litara-10-kg
gid://shopify/Product/15449082593604,pelete-od-pileceg-gnoja-velika-torba-1000-kg-za-10-000-m2
gid://shopify/Product/15449082757444,dijatomejska-zemlja-100-cista-ultra-fini-prah-25-vreca-250-kg
gid://shopify/Product/15449083412804,kolekcija-sjemenki-povrca-15-osnovnih-vrsta
gid://shopify/Product/15449083609412,dijatomejska-zemlja-100-cista-ultra-fini-prah-50-vreca-500-kg
gid://shopify/Product/15449083642180,dijatomejska-zemlja-100-cista-ultra-fini-prah-100-vreca-1000-kg
gid://shopify/Product/15449083674948,kolekcija-sjemenki-zacinskog-bilja-22-kulinarske-vrste
gid://shopify/Product/15449084166468,paket-sjemena-rajcice-13-sorti
gid://shopify/Product/15449084494148,paket-sjemena-papra-i-paprike-14-sorti
gid://shopify/Product/15449084625220,frassor-insektni-izmet-velika-torba-1000-kg-za-10000-m2
gid://shopify/Product/15449085215044,frassor-insektni-izmet-20-kg-za-200-m2
gid://shopify/Product/15449086787908,frassor-insektni-izmet-10-kg-za-100-m2
gid://shopify/Product/15449087934788,frassor-insektni-izmet-5-kg-za-50-m2
gid://shopify/Product/15449089114436,paket-sjemenki-povrca-25-kulinarskih-vrsta
gid://shopify/Product/15449089179972,paket-sjemenki-zacinskog-bilja-12-osnovnih-vrsta
gid://shopify/Product/15449089507652,frassor-insektni-izmet-10x-200-kg-za-2-000-m2
gid://shopify/Product/15449091309892,frassor-insektni-izmet-25x-500-kg-za-5-000-m2
gid://shopify/Product/15449092096324,frassor-insektni-izmet-50x-1000-kg-za-10-000-m2
gid://shopify/Product/15449093898564,prihrana-travnjaka-mjesavina-s-mikorizom-i-rizo-bakterijama-velika-torba-500-litara-za-500-m2
gid://shopify/Product/15449094095172,kompost-od-crva-vermikompost-velika-vreca-500-litara-za-500-m2
gid://shopify/Product/15449094160708,prihrana-travnjaka-mjesavina-s-mikorizom-i-rizo-bakterijama-velika-torba-1000-litres-za-1000-m2
gid://shopify/Product/15449094193476,kompost-od-crva-vermikompost-velika-vreca-1500-litara-za-1500-m2
gid://shopify/Product/15449094783300,prihrana-travnjaka-mjesavina-s-mikorizom-i-rizo-bakterijama-velika-torba-1500-litres-za-1500-m2
gid://shopify/Product/15449094816068,paket-organskih-sjemenki-povrca-19-vrsta
gid://shopify/Product/15449095962948,paket-mikrozelenja-babyleaf-microleaf-12-vrsta
gid://shopify/Product/15449096585540,paket-sjemenki-voca-13-vrsta
gid://shopify/Product/15449096618308,kompost-od-crva-vermikompost-velika-vreca-1000-litara-za-1000-m2
gid://shopify/Product/15449096683844,paket-sjemenki-suncokreta-10-vrsta
gid://shopify/Product/15449097142596,paket-sjemenki-jestivog-cvijeca-11-vrsta
gid://shopify/Product/15449097404740,paket-sjemenki-za-rezano-cvijece-20-vrsta
gid://shopify/Product/15449098223940,sjeme-za-sobne-biljke-pakiranje-s-13-sorti
gid://shopify/Product/15449098289476,stimulator-korijena-roots-power-koncentrat-10-l
gid://shopify/Product/15449099862340,paket-organskih-sjemenki-zacinskog-bilja-10-vrsta
gid://shopify/Product/15449099895108,travnjak-s-mikro-djetelinom-cisto-sjeme-djeteline-500-g-za-250-m2
gid://shopify/Product/15449100288324,travnjak-s-mikro-djetelinom-cisto-sjeme-djeteline-100-g-za-50-m2
gid://shopify/Product/15449102188868,yucca-sredstvo-za-vlazenje-250-ml-za-2500-m2
gid://shopify/Product/15449104613700,travnjak-s-mikro-djetelinom-cisto-sjeme-djeteline-1500-g-za-750-m2
gid://shopify/Product/15449104679236,yucca-sredstvo-za-vlazenje-1-l-za-10-000-m2
gid://shopify/Product/15449104810308,yucca-sredstvo-za-vlazenje-10-l-za-10-ha
gid://shopify/Product/15449105006916,profesionalno-gnojivo-za-travu-i-travnjak-kontrolirano-otpustanje-20-kg-za-665-m2
gid://shopify/Product/15449105203524,yucca-sredstvo-za-vlazenje-5-l-za-50-000-m2
gid://shopify/Product/15449105236292,gnojivo-za-profesionalni-travnjak-i-travnjak-kontrolirano-otpustanje-10x-200-kg-za-6-650-m2
gid://shopify/Product/15449105629508,paket-sjemenki-salate-20-vrsta
gid://shopify/Product/15449106153796,profesionalno-gnojivo-za-travu-i-travnjak-kontrolirano-otpustanje-20x-400-kg-za-13-300-m2
gid://shopify/Product/15449106252100,yucca-sredstvo-za-vlazenje-500-ml-za-5000-m2
gid://shopify/Product/15449106874692,mjesavina-pokrovnih-usjeva-10-sorti-1-kg-za-150-m2
gid://shopify/Product/15449107005764,profesionalno-gnojivo-za-travu-i-travnjak-kontrolirano-otpustanje-40x-800-kg-za-26-600-m2
gid://shopify/Product/15449107038532,mjesavina-pokrovnih-usjeva-10-sorti-12-kg-za-2000-m2
gid://shopify/Product/15449107595588,50-lukovica-tulipana-5-sarolikih-varijacija-xxl-velicina-lukovice-12-cm
gid://shopify/Product/15449107693892,500-lukovica-tulipana-5-sarolikih-varijacija-xxl-velicina-lukovice-12-cm
gid://shopify/Product/15449107759428,mjesavina-pokrovnih-usjeva-10-sorti-5-kg-za-800-m2
gid://shopify/Product/15449108611396,50-lukovica-narcisa-6-elegatnih-varijacija-xxl-velicina-lukovica-12-14-cm
gid://shopify/Product/15449109037380,100-lukovica-tulipana-5-sarolikih-varijacija-xxl-velicina-lukovice-12-cm
gid://shopify/Product/15449109102916,500-lukovica-narcisa-6-elegatnih-varijacija-xxl-velicina-lukovica-12-14-cm
gid://shopify/Product/15449109266756,100-lukovica-muscari-armeniacum-xxl-velicina-lukovice-9-10-cm
gid://shopify/Product/15449109561668,100-lukovica-narcisa-6-elegatnih-varijacija-xxl-velicina-lukovica-12-14-cm
gid://shopify/Product/15449109659972,200-lukovica-muscari-armeniacum-xxl-velicina-lukovice-9-10-cm
gid://shopify/Product/15449109692740,250-lukovica-narcisa-6-elegatnih-varijacija-xxl-velicina-lukovica-12-14-cm
gid://shopify/Product/15449110118724,50-lukovica-allium-purple-sensation-xxl-velicina-lukovice-12-cm
gid://shopify/Product/15449110544708,100-lukovica-allium-purple-sensation-xxl-velicina-lukovice-12-cm
gid://shopify/Product/15449110675780,500-lukovica-muscari-armeniacum-xxl-velicina-lukovice-9-10-cm
gid://shopify/Product/15449110806852,250-lukovica-allium-purple-sensation-xxl-velicina-lukovice-12-cm
gid://shopify/Product/15449112838468,1000-lukovica-muscari-armeniacum-xxl-velicina-lukovice-9-10-cm
gid://shopify/Product/15449113166148,500-lukovica-allium-purple-sensation-xxl-velicina-lukovice-12-cm
gid://shopify/Product/15449113231684,200-lukovica-krokusa-mjesavina-velikih-cvjetova-xxl-velicina-lukovice-8-9-cm
gid://shopify/Product/15449113788740,1000-lukovica-krokusa-mjesavina-velikih-cvjetova-xxl-velicina-lukovice-8-9-cm
gid://shopify/Product/15449115722052,500-lukovica-krokusa-mjesavina-velikih-cvjetova-xxl-velicina-lukovice-8-9-cm
gid://shopify/Product/15449116213572,100-lukovica-krokusa-mjesavina-velikih-cvjetova-xxl-velicina-lukovice-8-9-cm
gid://shopify/Product/15449117000004,pticja-hrana-za-vrtne-ptice-visoka-energija-bez-nereda-bez-klijanja-5-kg
gid://shopify/Product/15449117032772,premium-hrana-za-vjeverice-prirodna-mjesavina-s-cijelim-orasastim-plodovima-5-kg
gid://shopify/Product/15449117065540,pticja-hrana-za-vrtne-ptice-visoka-energija-bez-nereda-bez-klijanja-20-kg
gid://shopify/Product/15449117131076,pticja-hrana-za-vrtne-ptice-visoka-energija-bez-nereda-bez-klijanja-10-kg
gid://shopify/Product/15449117720900,premium-hrana-za-vjeverice-prirodna-mjesavina-s-cijelim-orasastim-plodovima-20-kg
gid://shopify/Product/15449117753668,hrana-za-jezeve-potpune-prirodne-granule-5-kg
gid://shopify/Product/15449117884740,organski-sjemenski-krompir-frieslander-a-28-35-5-kg
gid://shopify/Product/15449119293764,hrana-za-jezeve-potpune-prirodne-granule-20-kg
gid://shopify/Product/15449120768324,sjemenski-krumpir-frieslander-a-28-35-10-kg
gid://shopify/Product/15449121620292,premium-hrana-za-vjeverice-prirodna-mjesavina-s-cijelim-orasastim-plodovima-10-kg
gid://shopify/Product/15449121816900,sjemenski-krumpir-frieslander-a-28-35-5-kg
gid://shopify/Product/15449122013508,hrana-za-jezeve-potpune-prirodne-granule-10-kg
gid://shopify/Product/15449123422532,sjemenski-krumpir-frieslander-a-28-35-10x-250kg
gid://shopify/Product/15449123946820,sjemenski-krumpir-frieslander-a-28-35-20kg
gid://shopify/Product/15449124012356,sjemenski-krumpir-annabelle-a-28-32-5-kg
gid://shopify/Product/15449124045124,sjemenski-krumpir-frieslander-a-28-35-40x-1000kg
gid://shopify/Product/15449124569412,sjemenski-krumpir-annabelle-a-28-32-20-kg
gid://shopify/Product/15449124700484,sjemenski-krumpir-frieslander-a-28-35-20x-500kg
gid://shopify/Product/15449124929860,sjemenski-krumpir-annabelle-a-28-32-10x-250-kg
gid://shopify/Product/15449125093700,sjemenski-krumpir-annabelle-a-28-32-10-kg
gid://shopify/Product/15449125388612,sjemenski-krumpir-annabelle-a-28-32-20x-500-kg
gid://shopify/Product/15449125683524,sjemenski-krumpir-annabelle-a-28-32-40x-1000-kg
gid://shopify/Product/15449125912900,sjemenski-krumpir-desiree-a-28-35-20-kg
gid://shopify/Product/15449125978436,sjemenski-krumpir-desiree-a-28-35-10-kg
gid://shopify/Product/15449126240580,sjemenski-krumpir-desiree-a-28-35-10x-250-kg
gid://shopify/Product/15449126404420,sjemenski-krumpir-desiree-a-28-35-40x-1000-kg
gid://shopify/Product/15449126797636,sjemenski-krumpir-desiree-a-28-35-20x-500-kg
gid://shopify/Product/15449126928708,sjemenski-krumpir-agria-28-35-20-kg
gid://shopify/Product/15449127485764,sjemenski-krumpir-desiree-a-28-35-5-kg
gid://shopify/Product/15449127551300,sjemenski-krumpir-agria-28-35-10x-250-kg
gid://shopify/Product/15449128501572,sjemenski-krumpir-agria-28-35-20x-500-kg
gid://shopify/Product/15449129550148,sjemenski-krumpir-agria-28-35-5-kg
gid://shopify/Product/15449129582916,sjemenski-krumpir-bintje-a-28-35-5-kg
gid://shopify/Product/15449129943364,sjemenski-krumpir-bintje-a-28-35-10-kg
gid://shopify/Product/15449130991940,sjemenski-krumpir-agria-28-35-40x-1000-kg
gid://shopify/Product/15449132368196,sjemenski-krumpir-bintje-a-28-35-20-kg
gid://shopify/Product/15449134072132,sjemenski-krumpir-bintje-a-28-35-10x-250-kg
gid://shopify/Product/15449134137668,sjemenski-krumpir-agria-28-35-10-kg
gid://shopify/Product/15449134235972,sjemenski-krumpir-bintje-a-28-35-20x-500-kg
gid://shopify/Product/15449134367044,organski-sjemenski-krompir-frieslander-a-28-35-10-kg
gid://shopify/Product/15449134563652,organski-sjemenski-krompir-frieslander-a-28-35-20-kg
gid://shopify/Product/15449134629188,sjemenski-krumpir-bintje-a-28-35-40x-1000-kg
gid://shopify/Product/15449134727492,organski-sjemenski-krompir-frieslander-a-28-35-10x-250-kg
gid://shopify/Product/15449134825796,organski-sjemenski-krompir-frieslander-a-28-35-20x-500-kg
gid://shopify/Product/15449134989636,organski-sjemenski-krompir-frieslander-a-28-35-40x-1000-kg
gid://shopify/Product/15449135186244,sjeme-povrca-za-balkone-i-posude-13-vrsta
gid://shopify/Product/15449135251780,paket-sjemena-ljekovitog-bilja-10-vrsta-za-prirodno-zdravlje
gid://shopify/Product/15449135448388,organski-sjemenski-krumpir-vitabella-a-28-35-10-kg
gid://shopify/Product/15449135808836,organski-sjemenski-krumpir-vitabella-a-28-35-10x-250-kg
gid://shopify/Product/15449136431428,organski-sjemenski-krumpir-vitabella-a-28-35-20x-500-kg
gid://shopify/Product/15449136464196,organski-sjemenski-krumpir-vitabella-a-28-35-20-kg
gid://shopify/Product/15449136529732,organski-sjemenski-krumpir-vitabella-a-28-35-40x-1000-kg
gid://shopify/Product/15449136595268,organski-sjemenski-krumpir-alouette-a-28-35-5-kg
gid://shopify/Product/15449136824644,organski-sjemenski-krumpir-alouette-a-28-35-20-kg
gid://shopify/Product/15449136890180,organski-sjemenski-krumpir-alouette-a-28-35-10-kg
gid://shopify/Product/15449137021252,organski-sjemenski-krumpir-alouette-a-28-35-10x-250kg
gid://shopify/Product/15449137512772,organski-sjemenski-krumpir-alouette-a-28-35-20x-500kg
gid://shopify/Product/15449137676612,sadni-luk-sturon-14-21-5-kg-idealan-za-ranu-berbu
gid://shopify/Product/15449137742148,organski-sjemenski-krumpir-alouette-a-28-35-50x-1000-kg
gid://shopify/Product/15449137873220,sadni-luk-sturon-14-21-10-kg-idealan-za-ranu-berbu
gid://shopify/Product/15449138299204,sadni-luk-sturon-14-21-20-kg-idealan-za-ranu-berbu
gid://shopify/Product/15449138692420,sadni-luk-sturon-14-21-10x-250-kg-idealan-za-ranu-berbu
gid://shopify/Product/15449138856260,sadni-luk-sturon-14-21-40x-1000-kg-idealan-za-ranu-berbu
gid://shopify/Product/15449138889028,setovi-luka-red-baron-14-21-5-kg-duboko-crvena-kora-i-okus
gid://shopify/Product/15449139151172,setovi-luka-red-baron-14-21-10-kg-duboko-crvena-kora-i-okus
gid://shopify/Product/15449139249476,setovi-luka-red-baron-14-21-20-kg-duboko-crvena-kora-i-okus
gid://shopify/Product/15449139675460,sadni-luk-sturon-14-21-20x-500-kg-idealan-za-ranu-berbu
gid://shopify/Product/15449140035908,organski-sjemenski-krumpir-vitabella-a-28-35-5-kg
gid://shopify/Product/15449140068676,setovi-luka-red-baron-14-21-40x-1000-kg-duboko-crvena-kora-i-okus
gid://shopify/Product/15449140363588,setovi-luka-red-baron-14-21-20x-500-kg-duboko-crvena-kora-i-okus
gid://shopify/Product/15449141182788,sadni-luk-kozjak-golden-gourmet-10-kg
gid://shopify/Product/15449141805380,sadni-luk-kozjak-golden-gourmet-5-kg
gid://shopify/Product/15449142559044,sadni-luk-kozjak-golden-gourmet-10x-250-kg
gid://shopify/Product/15449142690116,sadni-luk-kozjak-golden-gourmet-20x-500-kg
gid://shopify/Product/15449145508164,sadni-luk-kozjak-golden-gourmet-20-kg
gid://shopify/Product/15449145737540,sadni-luk-kozjak-golden-gourmet-40x-1000-kg
gid://shopify/Product/15449146196292,kompresirane-kokosove-tablete-u-vrecama-od-10-litara-pakiranje-od-6-komada-60-litara
gid://shopify/Product/15449146392900,setovi-luka-red-baron-14-21-10x-250-kg-duboko-crvena-kora-i-okus
gid://shopify/Product/15449147539780,sjeme-za-sportski-i-igraci-travnjak-resilient-40x-600-kg-za-3-ha
gid://shopify/Product/15449147736388,paket-organskih-sjemenskih-krumpira-3-x-25-kg-75-kg-rane-srednje-i-kasne-sorte
gid://shopify/Product/15449149047108,kompresirane-kokosove-tablete-u-vrecama-od-10-litara-pakiranje-od-12-komada-120-litara
gid://shopify/Product/15449149440324,profesionalno-gnojivo-za-travu-i-travnjak-kontrolirano-otpustanje-10-kg-za-330-m2
gid://shopify/Product/15449149604164,kompresirane-kokosove-tablete-u-vrecama-od-10-litara-pakiranje-od-24-komada-240-litara
gid://shopify/Product/15449149636932,sjeme-za-sportski-i-igraci-travnjak-resilient-20x-300-kg-za-15-ha
gid://shopify/Product/15449150030148,sjeme-za-popravak-travnjaka-otporno-40x-600-kg-za-3-ha
gid://shopify/Product/15449150226756,profesionalno-gnojivo-za-travu-i-travnjak-kontrolirano-otpustanje-5-kg-za-165-m2
gid://shopify/Product/15449150980420,sjeme-za-sportski-i-igraci-travnjak-resilient-10x-150-kg-za-7500-m2
gid://shopify/Product/15449151209796,sjeme-za-popravak-travnjaka-otporno-10x-150-kg-za-7500-m2
gid://shopify/Product/15449151799620,sjeme-dekorativne-trave-elegantno-40x-600-kg-za-3-ha
gid://shopify/Product/15449152651588,sjeme-za-popravak-travnjaka-otporno-20x-300-kg-za-15-ha
gid://shopify/Product/15449153470788,sjeme-dekorativne-trave-elegantno-10x-150-kg-za-7500-m2
gid://shopify/Product/15449153601860,sjeme-dekorativne-trave-elegantno-20x-300-kg-za-15-ha
gid://shopify/Product/15449154715972,sjeme-travnjaka-za-sjenu-elegant-10x-150-kg-za-7500-m2
gid://shopify/Product/15449154847044,sjeme-travnjaka-za-sjenu-elegant-40x-600-kg-za-3-ha
gid://shopify/Product/15449154945348,pasnjak-sjemenska-livada-za-konje-i-sitnu-stoku-20x-300-kg-za-6-ha
gid://shopify/Product/15449157140804,pasnjak-sjemenska-livada-za-konje-i-sitnu-stoku-10x-150-kg-za-3-ha
gid://shopify/Product/15449157304644,sjeme-travnjaka-za-sjenu-elegant-20x-300-kg-za-15-ha
gid://shopify/Product/15449157501252,mjesavina-divljeg-cvijeca-bioraznolikost-62-sorte-10-kg-za-5000-m2
gid://shopify/Product/15449160057156,mjesavina-divljeg-cvijeca-bioraznolikost-62-sorte-5-kg-za-2500-m2
gid://shopify/Product/15449160089924,pasnjak-sjemenska-livada-za-konje-i-sitnu-stoku-40x-600-kg-za-12-ha
gid://shopify/Product/15449160450372,mjesavina-rezanog-cvijeca-boje-32-vrste-10-kg-za-5000-m2
gid://shopify/Product/15449160548676,mjesavina-cvijeta-leptira-i-pcela-nektar-40-vrsta-5-kg-za-2500-m2
gid://shopify/Product/15449160679748,mjesavina-rezanog-cvijeca-boje-32-vrste-5-kg-za-2500-m2
gid://shopify/Product/15449160810820,travnjak-s-mikro-djetelinom-cisto-sjeme-djeteline-10-kg-za-5000-m2
gid://shopify/Product/15449160941892,peleti-od-ovcje-vune-organsko-gnojivo-5-kg-za-50-m2
gid://shopify/Product/15449161335108,rozena-strugotina-1-6-mm-organsko-dusicno-gnojivo-5-kg-za-50-m2
gid://shopify/Product/15449161728324,gnojivo-za-zivicu-tisu-i-cetinjace-sve-u-jednom-5-kg-za-100-m2
gid://shopify/Product/15449161826628,ruze-i-cvijece-sve-u-jednom-gnojivo-5-kg-za-100-m2
gid://shopify/Product/15449162285380,mjesavina-cvijeta-leptira-i-pcela-nektar-40-vrsta-10-kg-za-5000-m2
gid://shopify/Product/15449162547524,akcelerator-komposta-5-kg-za-25-100-m2-5-m%c2%b3-za-kvalitetniji-kompost-u-kracem-vremenu
gid://shopify/Product/15449162678596,gnojivo-za-voce-rajcice-zacinsko-bilje-i-povrce-all-in-one-5-kg-za-100-m2
gid://shopify/Product/15449163006276,rododendron-hortenzija-azaleja-i-druge-biljke-koje-vole-kiselost-gnojivo-sve-u-jednom-5-kg-za-100-m2
gid://shopify/Product/15449163104580,patentkali-kalimagnezijevo-gnojivo-20-kg-za-400-m2
gid://shopify/Product/15449164120388,biochar-poboljsivac-tla-10-kg-35-l-organski-dodatak-za-tlo
gid://shopify/Product/15449164448068,poboljsivac-tla-aktivatorska-mjesavina-50-l-za-50-m2
gid://shopify/Product/15449164644676,poboljsivac-tla-aktivatorska-mjesavina-12x-600-za-600-m2
gid://shopify/Product/15449164677444,gnojivo-na-bazi-amonijevog-sulfata-20-kg-za-400-m2
gid://shopify/Product/15449164939588,poboljsivac-tla-aktivatorska-mjesavina-25x-1250-za-1250-m2
gid://shopify/Product/15449165070660,poboljsivac-tla-aktivatorska-mjesavina-50x-2500-za-2500-m2
gid://shopify/Product/15449165562180,prihrana-travnjaka-mjesavina-s-mikorizom-i-rizo-bakterijama-12x-600-litara-za-600-m2
gid://shopify/Product/15449166152004,peleti-od-ovcje-vune-organsko-gnojivo-10-kg-za-100-m2
gid://shopify/Product/15449166184772,prihrana-travnjaka-mjesavina-s-mikorizom-i-rizo-bakterijama-25x-1250-litara-za-1250-m2
gid://shopify/Product/15449166610756,prihrana-travnjaka-mjesavina-s-mikorizom-i-rizo-bakterijama-50-litara-za-50-m2
gid://shopify/Product/15449168118084,prihrana-travnjaka-mjesavina-s-mikorizom-i-rizo-bakterijama-50x-2500-litara-za-2500-m2
gid://shopify/Product/15449172803908,peleti-od-ovcje-vune-organsko-gnojivo-20-kg-za-200-m2
gid://shopify/Product/15449173066052,gnojivo-na-bazi-amonijevog-sulfata-12x-240-kg-za-4800-m2
gid://shopify/Product/15449173197124,gnojivo-na-bazi-amonijevog-sulfata-20x-400-kg-za-8000-m2
gid://shopify/Product/15449173328196,gnojivo-na-bazi-amonijevog-sulfata-40x-800-kg-za-16000-m2
gid://shopify/Product/15449173655876,gnojivo-za-voce-rajcice-zacinsko-bilje-i-povrce-all-in-one-10-kg-za-200-m2
gid://shopify/Product/15449173688644,gnojivo-za-voce-rajcice-zacinsko-bilje-i-povrce-all-in-one-20-kg-za-400-m2
gid://shopify/Product/15449173918020,rozena-strugotina-1-6-mm-organsko-dusicno-gnojivo-20-kg-za-200-m2
gid://shopify/Product/15449174180164,rozena-strugotina-1-6-mm-organsko-dusicno-gnojivo-10-kg-za-100-m2
gid://shopify/Product/15449174737220,patentkali-kalimagnezijevo-gnojivo-12x-240-kg-za-4800-m2
gid://shopify/Product/15449174769988,patentkali-kalimagnezijevo-gnojivo-40x-800-kg-za-16000-m2
gid://shopify/Product/15449174933828,patentkali-kalimagnezijevo-gnojivo-20x-400-kg-za-8000-m2
gid://shopify/Product/15449174966596,biochar-poboljsivac-tla-12x-120-kg-420-l-organski-dodatak-za-tlo
gid://shopify/Product/15449175294276,biochar-poboljsivac-tla-20x-200-kg-700-l-organski-dodatak-za-tlo
gid://shopify/Product/15449175327044,rododendron-hortenzija-azaleja-i-druge-biljke-koje-vole-kiselost-gnojivo-sve-u-jednom-10-kg-za-200-m2
gid://shopify/Product/15449175490884,biochar-poboljsivac-tla-40x-400-kg-1400-l-organski-dodatak-za-tlo
gid://shopify/Product/15449175523652,rododendron-hortenzija-azaleja-i-druge-biljke-koje-vole-kiselost-gnojivo-sve-u-jednom-20-kg-za-400-m2
gid://shopify/Product/15449175753028,sjeme-trave-otporno-na-susu-arida-1-kg-za-50-m2
gid://shopify/Product/15449175851332,sjeme-trave-otporno-na-susu-arida-15-kg-za-750-m2
gid://shopify/Product/15449175949636,sjeme-trave-otporno-na-susu-arida-5-kg-za-250-m2
gid://shopify/Product/15449176080708,sjeme-trave-za-pasnjake-paddock-za-konjske-livade-i-pasnjake-5-kg-za-555-m2
gid://shopify/Product/15449177260356,sjeme-trave-za-sijeno-trava-za-sijeno-i-silazu-5-kg-za-833-m2
gid://shopify/Product/15449177325892,biochar-poboljsivac-tla-500-kg-1750-l-organski-dodatak-za-tlo
gid://shopify/Product/15449177653572,ruze-i-cvijece-sve-u-jednom-gnojivo-20-kg-za-400-m2
gid://shopify/Product/15449178112324,gnojivo-za-zivicu-tisu-i-cetinjace-sve-u-jednom-20-kg-za-400-m2
gid://shopify/Product/15449178669380,akcelerator-komposta-10-kg-for-50-200-m2-10-m%c2%b3-za-kvalitetniji-kompost-u-kracem-vremenu
gid://shopify/Product/15449178734916,gnojivo-za-zivicu-tisu-i-cetinjace-sve-u-jednom-10-kg-za-200-m2
gid://shopify/Product/15449180209476,ruze-i-cvijece-sve-u-jednom-gnojivo-10-kg-za-200-m2
gid://shopify/Product/15449180537156,50-lukovica-tulipana-4-zivopisne-sorte-xxl-velicina-lukovice-12-cm
gid://shopify/Product/15449182994756,akcelerator-komposta-20-kg-za-100-400-m2-20-m%c2%b3-za-kvalitetniji-kompost-u-kracem-vremenu
gid://shopify/Product/15449184764228,sjeme-trave-otporno-na-susu-arida-10x-150-kg-za-7500-m2
gid://shopify/Product/15449185812804,sjeme-trave-otporno-na-susu-arida-30x-600-kg-za-30-000-m2
gid://shopify/Product/15449185845572,25-lukovica-zumbula-plave-nijanse-xxl-velicina-lukovice-16-17-cm
gid://shopify/Product/15449186140484,25-lukovica-zumbula-sarena-mjesavina-xxl-velicina-lukovice-16-17-cm
gid://shopify/Product/15449186566468,100-lukovica-anemona-plavi-vjetrenjaci-xxl-velicina-lukovice-5-cm
gid://shopify/Product/15449186730308,sjeme-trave-otporno-na-susu-arida-20x-300-kg-za-15-000-m2
gid://shopify/Product/15449186992452,100-lukovica-krokusa-velikocvjetna-mjesavina-paradise-xxl-velicina-lukovice-8-9-cm
gid://shopify/Product/15449187189060,sjeme-trave-za-pasnjake-paddock-za-konjske-livade-i-pasnjake-15-kg-za-1-666-m2
gid://shopify/Product/15449187287364,50-lukovica-tulipana-i-narcisa-mjesavina-xxl-velicina-lukovice-12-14-cm
gid://shopify/Product/15449187385668,sjeme-trave-za-pasnjake-paddock-za-konjske-livade-i-pasnjake-20x-300-kg-za-33-320-m2
gid://shopify/Product/15449188008260,sjeme-trave-za-pasnjake-paddock-za-konjske-livade-i-pasnjake-10x-150-kg-za-16-660-m2
gid://shopify/Product/15449188172100,sjeme-trave-za-sijeno-trava-za-sijeno-i-silazu-15-kg-za-2-500-m2
gid://shopify/Product/15449188303172,sjeme-trave-za-sijeno-trava-za-sijeno-i-silazu-10x-150-kg-za-2-5-ha
gid://shopify/Product/15449188761924,50-lukovice-tulipana-foxtrot-3-sarene-sorte-xxl-velicina-lukovice-12-cm
gid://shopify/Product/15449188925764,sjeme-trave-za-sijeno-trava-za-sijeno-i-silazu-20x-300-kg-za-5-ha
gid://shopify/Product/15449189056836,sjeme-trave-za-sijeno-trava-za-sijeno-i-silazu-40x-600-kg-za-10-ha
gid://shopify/Product/15449189089604,500-lukovica-anemona-plavi-vjetrenjaci-xxl-velicina-lukovice-5-cm
gid://shopify/Product/15449189515588,sjeme-trave-za-pasnjake-paddock-za-konjske-livade-i-pasnjake-40x-600-kg-za-66-640-m2
gid://shopify/Product/15449189613892,200-lukovica-krokusa-velikocvjetna-mjesavina-paradise-xxl-velicina-lukovice-8-9-cm
gid://shopify/Product/15449189712196,500-lukovica-krokusa-velikocvjetna-mjesavina-paradise-xxl-velicina-lukovice-8-9-cm
gid://shopify/Product/15449190105412,200-lukovica-anemona-plavi-vjetrenjaci-xxl-velicina-lukovice-5-cm
gid://shopify/Product/15449190269252,1000-lukovica-anemona-plavi-vjetrenjaci-xxl-velicina-lukovice-5-cm
gid://shopify/Product/15449190367556,50-lukovica-zumbula-plave-nijanse-xxl-velicina-lukovice-16-17-cm
gid://shopify/Product/15449190400324,1000-lukovica-krokusa-velikocvjetna-mjesavina-paradise-xxl-velicina-lukovice-8-9-cm
gid://shopify/Product/15449190957380,50-lukovica-zumbula-sarena-mjesavina-xxl-velicina-lukovice-16-17-cm
gid://shopify/Product/15449191055684,125-lukovica-zumbula-plave-nijanse-xxl-velicina-lukovice-16-17-cm
gid://shopify/Product/15449191088452,125-lukovica-zumbula-sarena-mjesavina-xxl-velicina-lukovice-16-17-cm
gid://shopify/Product/15449191121220,100-lukovica-tulipana-4-zivopisne-sorte-xxl-velicina-lukovice-12-cm
gid://shopify/Product/15449191743812,250-lukovica-zumbula-sarena-mjesavina-xxl-velicina-lukovice-16-17-cm
gid://shopify/Product/15449191940420,250-lukovica-tulipana-4-zivopisne-sorte-xxl-velicina-lukovice-12-cm
gid://shopify/Product/15449192137028,500-lukovica-tulipana-4-zivopisne-sorte-xxl-velicina-lukovice-12-cm
gid://shopify/Product/15449192169796,100-lukovice-tulipana-foxtrot-3-sarene-sorte-xxl-velicina-lukovice-12-cm
gid://shopify/Product/15449192431940,250-lukovice-tulipana-foxtrot-3-sarene-sorte-xxl-velicina-lukovice-12-cm
gid://shopify/Product/15449192497476,100-lukovica-tulipana-i-narcisa-mjesavina-xxl-velicina-lukovice-12-14-cm
gid://shopify/Product/15449192563012,250-lukovica-zumbula-plave-nijanse-xxl-velicina-lukovice-16-17-cm
gid://shopify/Product/15449192595780,500-lukovica-tulipana-i-narcisa-mjesavina-xxl-velicina-lukovice-12-14-cm
gid://shopify/Product/15449193054532,gnojivo-za-sedum-i-zelene-krovove-5-kg-za-100-m2
gid://shopify/Product/15449193218372,250-lukovica-tulipana-i-narcisa-mjesavina-xxl-velicina-lukovice-12-14-cm
gid://shopify/Product/15449193349444,gnojivo-za-sedum-i-zelene-krovove-10-kg-za-200-m2
gid://shopify/Product/15449193480516,gnojivo-za-sedum-i-zelene-krovove-20-kg-za-400-m2
gid://shopify/Product/15449194561860,500-lukovice-tulipana-foxtrot-3-sarene-sorte-xxl-velicina-lukovice-12-cm
gid://shopify/Product/15449195839812,lukovice-cvijeca-blue-mystery-box-xxl-lukovice-cvijeca
gid://shopify/Product/15449195905348,tajanstvena-kutija-lukovica-cvijeca-xxl-proljetne-lukovice-cvijeca
gid://shopify/Product/15449196069188,afrikanske-ljubicice-tekuce-gnojivo-1-litra
gid://shopify/Product/15449197052228,afrikanske-ljubicice-tekuce-gnojivo-set-2x1-litra
gid://shopify/Product/15449198264644,afrikanske-ljubicice-tekuce-gnojivo-set-4x1-litra
gid://shopify/Product/15449198330180,afrikanske-ljubicice-tekuce-gnojivo-10-litara
gid://shopify/Product/15449200394564,afrikanske-ljubicice-tekuce-gnojivo-set-3x1-litra
gid://shopify/Product/15449200427332,tekuce-gnojivo-za-agapantus-1-litra
gid://shopify/Product/15449200460100,afrikanske-ljubicice-tekuce-gnojivo-set-5x1-litra
gid://shopify/Product/15449200558404,tekuce-gnojivo-za-agapantus-set-2-x-1-litra
gid://shopify/Product/15449200951620,tekuce-gnojivo-za-agapantus-set-4-x-1-litra
gid://shopify/Product/15449200984388,tekuce-gnojivo-za-agapantus-set-3-x-1-litra
gid://shopify/Product/15449201213764,tekuce-gnojivo-za-agapantus-set-5-x-1-litra
gid://shopify/Product/15449201246532,tekuce-gnojivo-za-alokaziju-1-litra
gid://shopify/Product/15449201410372,tekuce-gnojivo-za-agapantus-10-litara
gid://shopify/Product/15449201443140,tekuce-gnojivo-za-alokaziju-set-od-2x1-litra
gid://shopify/Product/15449201738052,tekuce-gnojivo-za-alokaziju-set-od-3x1-litra
gid://shopify/Product/15449201869124,tekuce-gnojivo-za-alokaziju-set-od-4x1-litra
gid://shopify/Product/15449202327876,tekuce-gnojivo-za-alokaziju-set-od5x1-litra
gid://shopify/Product/15449202360644,tekuce-gnojivo-za-alokaziju-10-litara
gid://shopify/Product/15449202426180,tekuce-gnojivo-za-aloe-veru-1-litra
gid://shopify/Product/15449202491716,tekuce-gnojivo-za-aloe-veru-set-4x1-litra
gid://shopify/Product/15449202884932,tekuce-gnojivo-za-aloe-veru-set-5x1-litra
gid://shopify/Product/15449203016004,tekuce-gnojivo-za-aloe-veru-10-litara
gid://shopify/Product/15449203245380,tekuce-gnojivo-za-aloe-veru-set-3x1-litra
gid://shopify/Product/15449203278148,tekuce-gnojivo-za-andeosku-trubu-set-2x1-litra
gid://shopify/Product/15449203343684,tekuce-gnojivo-za-andeosku-trubu-1-l
gid://shopify/Product/15449203409220,tekuce-gnojivo-za-aloe-veru-set-2x1-litra
gid://shopify/Product/15449203736900,tekuce-gnojivo-za-andeosku-trubu-set-4x1-litra
gid://shopify/Product/15449203867972,tekuce-gnojivo-za-andeosku-trubu-set-3x1-litra
gid://shopify/Product/15449204064580,tekuce-gnojivo-za-andeosku-trubu-set-5x1-litra
gid://shopify/Product/15449204162884,tekuce-gnojivo-za-andeosku-trubu-10-l
gid://shopify/Product/15449205014852,amaryllis-tekuce-gnojivo-set-2x1-litra
gid://shopify/Product/15449205309764,amaryllis-tekuce-gnojivo-set-4x1-litra
gid://shopify/Product/15449205342532,amaryllis-tekuce-gnojivo-1-litra
gid://shopify/Product/15449205473604,amaryllis-tekuce-gnojivo-set-5x1-litra
gid://shopify/Product/15449206096196,amaryllis-tekuce-gnojivo-set-3x1-litra
gid://shopify/Product/15449206620484,tekuce-gnojivo-za-anturium-1-litra
gid://shopify/Product/15449206948164,tekuce-gnojivo-za-anturium-set-3x1-litra
gid://shopify/Product/15449207112004,tekuce-gnojivo-za-anturium-set-2x1-litra
gid://shopify/Product/15449207472452,amaryllis-tekuce-gnojivo-10-litara
gid://shopify/Product/15449208717636,tekuce-gnojivo-za-anturium-set-5x1-liter
gid://shopify/Product/15449208947012,tekuce-gnojivo-za-anturium-10-litara
gid://shopify/Product/15449210061124,tekuce-gnojivo-za-articoku-set-3x1-litra
gid://shopify/Product/15449210192196,tekuce-gnojivo-za-articoku-set-2x1-litra
gid://shopify/Product/15449211109700,tekuce-gnojivo-za-anturium-set-4x1-litra
gid://shopify/Product/15449211339076,tekuce-gnojivo-za-articoku-set-4x1-litra
gid://shopify/Product/15449214026052,tekuce-gnojivo-za-articoku-1-litra
gid://shopify/Product/15449214255428,tekuce-gnojivo-za-articoku-set-5x1-litra
gid://shopify/Product/15449214288196,tekuce-gnojivo-za-sparoge-1-litra
gid://shopify/Product/15449214320964,tekuce-gnojivo-za-articoku-10-litara
gid://shopify/Product/15449214452036,tekuce-gnojivo-za-sparoge-set-2x1-litra
gid://shopify/Product/15449214714180,tekuce-gnojivo-za-sparoge-set-3x1-litra
gid://shopify/Product/15449215009092,tekuce-gnojivo-za-sparoge-set-5x1-litra
gid://shopify/Product/15449215271236,tekuce-gnojivo-za-sparoge-set-4x1-litra
gid://shopify/Product/15449215304004,tekuce-gnojivo-za-sparoge-10-litara
gid://shopify/Product/15449299059012,kuglice-s-insektima-za-vrtne-ptice-75-kom-x-100-g-s-besplatnim-drzacem
gid://shopify/Product/15449310560580,sjemenski-krumpir-nicola-a-28-35-5-kg
gid://shopify/Product/15449310724420,sjemenski-krumpir-nicola-a-28-35-10-kg
gid://shopify/Product/15449310789956,sjemenski-krumpir-nicola-a-28-35-250-kg
gid://shopify/Product/15449311150404,sjemenski-krumpir-nicola-a-28-35-500-kg
gid://shopify/Product/15449312428356,sjemenski-krumpir-nicola-a-28-35-1000-kg
gid://shopify/Product/15449312526660,sjemenski-krumpir-oscar-a-28-40-5-kg
gid://shopify/Product/15449313050948,sjemenski-krumpir-nicola-a-28-35-20-kg
gid://shopify/Product/15449313575236,sjemenski-krumpir-oscar-a-28-40-10-kg
gid://shopify/Product/15466870407492,sjemenski-krumpir-oscar-a-28-40-1000-kg
gid://shopify/Product/15466870440260,sjemenski-krumpir-oscar-a-28-40-250-kg
gid://shopify/Product/15466870473028,sjemenski-krumpir-oscar-a-28-40-20-kg
gid://shopify/Product/15466870505796,sjemenski-krumpir-oscar-a-28-40-500-kg
gid://shopify/Product/15466871324996,organski-sjemenski-krumpir-nola-a-28-35-5-kg
gid://shopify/Product/15466871357764,biologische-pootaardappelen-nola-a-28-35-10-kg
gid://shopify/Product/15466871423300,organski-sjemenski-krumpir-nola-a-28-35-20-kg
gid://shopify/Product/15466871456068,organski-sjemenski-krumpir-nola-a-28-35-250-kg
gid://shopify/Product/15466872078660,organski-sjemenski-krumpir-nola-a-28-35-500-kg
gid://shopify/Product/15466872176964,organski-sjemenski-krumpir-nola-a-28-35-1000-kg
gid://shopify/Product/15466872209732,organski-sjemenski-krumpir-levante-a-28-35-5-kg
gid://shopify/Product/15466872275268,organski-sjemenski-krumpir-levante-a-28-35-20-kg
gid://shopify/Product/15466872471876,organski-sjemenski-krumpir-levante-a-28-35-250-kg
gid://shopify/Product/15466872537412,organski-sjemenski-krumpir-levante-a-28-35-1000-kg
gid://shopify/Product/15466872668484,organski-sjemenski-krumpir-levante-a-28-35-10-kg
gid://shopify/Product/15466873061700,organski-sjemenski-krumpir-levante-a-28-35-500-kg
gid://shopify/Product/15466928341316,sjemenski-krumpir-premiere-a-28-35-5-kg
gid://shopify/Product/15466928570692,sjemenski-krumpir-premiere-a-28-35-10-kg
gid://shopify/Product/15466928668996,sjemenski-krumpir-premiere-a-28-35-20-kg
gid://shopify/Product/15466928734532,sjemenski-krumpir-premiere-a-28-35-250-kg
gid://shopify/Product/15466928931140,sjemenski-krumpir-premiere-a-28-35-500-kg
gid://shopify/Product/15466928963908,sjemenski-krumpir-premiere-a-28-35-1000-kg
gid://shopify/Product/15466929258820,sjemenski-krumpir-charlotte-a-25-35-5-kg
gid://shopify/Product/15466929291588,sjemenski-krumpir-charlotte-a-25-35-10-kg
gid://shopify/Product/15466929783108,sjemenski-krumpir-charlotte-a-25-35-20-kg
gid://shopify/Product/15466929848644,sjemenski-krumpir-charlotte-a-25-35-250-kg
gid://shopify/Product/15466930372932,sjemenski-krumpir-charlotte-a-25-35-500-kg
gid://shopify/Product/15466930405700,sjemenski-krumpir-charlotte-a-25-35-1000-kg
gid://shopify/Product/15466930602308,sjemenski-krumpir-roseval-a-32-40-5-kg
gid://shopify/Product/15466930700612,sjemenski-krumpir-roseval-a-32-40-10-kg
gid://shopify/Product/15466931028292,sjemenski-krumpir-roseval-a-32-40-20-kg
gid://shopify/Product/15466931061060,sjemenski-krumpir-roseval-a-32-40-250-kg
gid://shopify/Product/15466931224900,sjemenski-krumpir-roseval-a-32-40-500-kg
gid://shopify/Product/15466931257668,sjemenski-krumpir-gloria-a-28-40-10-kg
gid://shopify/Product/15466931355972,sjemenski-krumpir-gloria-a-28-40-5-kg
gid://shopify/Product/15466931388740,sjemenski-krumpir-gloria-a-28-40-500-kg
gid://shopify/Product/15466931487044,sjemenski-krumpir-gloria-a-28-40-1000-kg
gid://shopify/Product/15466931749188,sjemenski-krumpir-roseval-a-32-40-1000-kg
gid://shopify/Product/15466931945796,sjemenski-krumpir-gloria-a-28-40-20-kg
gid://shopify/Product/15466933551428,sjemenski-krumpir-gloria-a-28-40-250-kg
