ID,Handle,Title,DescriptionHTML
gid://shopify/Collection/657054171460,lehmanlanta-rakeet,Lehmänlanta Rakeet,"<p>Lehmänlantarakeet 3in1 soveltuvat erinomaisesti istutuslannoitteeksi koristepuutarhoihin, reunuksiin, nurmikoille, sipuli- ja mukulakasveille, vihannespuutarhoihin, ruusuille, ruukkukasveille ja hedelmäpuille. Nämä rakeet parantavat maaperän rakennetta ja vedenpidätyskykyä, edistävät hedelmällistä maaperän ympäristöä ja rikastavat maaperää luonnollisesti, mikä ylläpitää pitkäaikaista tasapainoa. Ne ovat yleiskäyttöinen lannoite, joka sopii kaikille maaperätyypeille ja voidaan käyttää täydellisesti istutus- ja peruslannoitteena nurmikoille, reunoille, vihannespuutarhoihin, laitumille ja hedelmätarhoihin. Lisäksi rakeita voidaan käyttää maaperän aktivaattorina stimuloimalla nopeasti positiivista maaperän toimintaa.</p>"
gid://shopify/Collection/657054204228,syksyn-lannoite,Syksyn lannoite,"<p>Tämä ammattilaistason syyslannoite on erittäin kaliumipitoinen ja tarjoaa lisäsuojaa talven kylmyyttä vastaan nurmikoille, ruoholle ja kasveille. Lannoite lisää vastustuskykyä pakkasen suorille vaikutuksille. Lisäksi lannoiterakeisiin on lisätty mineraaleja ja hivenaineita. Syyslannoite All-In-One -rakeet varmistavat, että nurmikkosi ja kasvisi ovat tummanvihreitä, vahvoja ja talvenkestäviä. Tämä korkealaatuinen ravinto vaikuttaa epäsuorasti sammaleeseen ja rikkaruohoihin. Hajuttomat lannoiterakeet on rikastettu helposti imeytyvällä typellä ja kaliumilla (NPK 6-2-12). Pitkäkestoisen vaikutuksen (+100 päivää) ansiosta ravinteita on riittävästi, jotta ruoho kasvaa hyvin uudelleen ja muodostaa vahvan, tiheän nurmikon, jossa sammaleella ja rikkaruohoilla ei ole mahdollisuutta, jopa ilmastoinnin jälkeen. Tuloksena on terve, vahva nurmikko, joka kestää paremmin kulutusta, kuivuutta ja pakkasta. Syyslannoitteen tehoa usein aliarvioidaan. Varmistamalla, että ruoho menee talveen vahvana ja karaistuneena, ehkäistään kevään ongelmia.</p>"
gid://shopify/Collection/657054236996,laituman-lannoite,Laituman lannoite,"<p>All-In-One Laitumen lannoite on paras valinta hevosten laidunmaan optimaaliseen lannoittamiseen. Se soveltuu myös erinomaisesti niitettävien laidunten ja harrastekarjan laidunmaiden lannoitukseen. Täydellinen all-in-one-lannoite, joka perustuu hygienisoituun lantaan ja on rikastettu luonnollisilla mineraaleilla ja hivenaineilla tasaisen kasvun ja vahvan nurmikon varmistamiseksi. Tuloksena on korkealaatuinen ja maukas ruoho/rehu sekä luonnostaan hedelmällinen maaperä.</p>"
gid://shopify/Collection/657054302532,vegaaninen-kasvipohjainen-lannoite,Vegaaninen kasvipohjainen lannoite,"<p>Vegaaninen kasvilannoite on 100 % kasvipohjainen orgaaninen lannoite, joka on täysin vapaa eläinperäisistä raaka-aineista, kuten lannasta. Tämä ammattilannoite sopii kaikille maaperätyypeille ja on erinomainen istutus- ja peruslannoite nurmikoille, kukkapenkkeihin, vihannespuutarhoihin, hedelmätarhoihin ja huonekasveille. Vegaaninen kasvilannoite on erittäin hyvä maaperän aktivaattori ja stimuloi maaperän elämää. Korkean orgaanisen aineen pitoisuuden ansiosta lannoite parantaa maaperän rakennetta ja kosteudenpidätyskykyä. Lisäksi vegaaninen kasvilannoite mahdollistaa hedelmällisen maaperän elämän ja varmistaa luonnollisen maaperän rikastumisen, mikä auttaa pitämään maaperän tasapainossa pitkällä aikavälillä. Vegaaninen kasvilannoite sisältää suotuisan NPK-suhteen (6-3-2) ja erityisen rikasta koostumusta. Ravinteet imeytyvät erinomaisesti kasveihin ja vapautuvat annostellusti. Tämä kasvilannoite on yleiskäyttöinen, miellyttävän tuoksuinen ja turvallinen sekä ihmisille että eläimille.</p>"
gid://shopify/Collection/657054335300,nurmikon-lannoite-all-in-one,Nurmikon lannoite All-In-One,"<p>Nurmikon lannoite All-In-One on kehitetty luomaan ja ylläpitämään syvän vihreää nurmikkoa ilman sammalta ja rikkaruohoja.</p>
<p>Korkealaatuinen orgaanis-mineraalilannoite, joka soveltuu kaikenlaisen ruohon ja maaperän lannoittamiseen. Lisätyn magnesiumin ansiosta jokainen nurmikko muuttuu intensiivisen vihreäksi. Sopii sekä uuden nurmikon perustamiseen että ylläpitolannoitukseen. Nopeasti vaikuttavien ja hitaasti vapautuvien komponenttien ainutlaatuinen yhdistelmä mahdollistaa nopean kasvun alun ja tarjoaa täydellisen ravinnon 100 päivän ajaksi. Nurmikon lannoite All-In-One stimuloi positiivisesti maaperän elämää ja lisää luonnollista maaperän hedelmällisyyttä jokaisen levityksen myötä. Tuloksena on terve, tiheä nurmikko, jossa ei ole tilaa sammaleelle tai rikkaruohoille.</p>
<p>Nurmikon lannoite All-In-One sisältää runsaasti kaliumia, mikä vahvistaa nurmikkoa ja parantaa sen kestävyyttä kulutusta, kuivuutta ja pakkasta vastaan. Lannoite soveltuu erinomaisesti käytettäväksi sekä keväällä että syksyllä, jolloin voit käyttää samaa tuotetta ympäri vuoden. Korkealaatuinen mikrorakeinen seos varmistaa asteittaisen kasvun, stimuloi terveellistä ja vahvaa nurmikkoa ja parantaa maaperää. Hitaasti vapautuva rakeinen lannoite käynnistyy nopeasti, mutta tarjoaa pitkäkestoisia vaikutuksia.</p>
<p>Ravinteiden ainutlaatuinen seos vapautuu asteittain maaperän elämän vaikutuksesta. Humuksen, mineraalien ja hivenaineiden muodostuminen edistää parempaa juurten kehitystä ja ehkäisee huuhtoutumista. Tämä ammattimainen lannoite sopii erinomaisesti nurmikoille, urheilukentille ja golfkentille, joissa vaaditaan vahvaa ja tiheää nurmikkoa.</p>"
gid://shopify/Collection/657054368068,puutarhalannoite,Puutarhalannoite,"<p>Puutarhalannoite All-In-One on kehitetty optimoimaan kukkivien kasvien, pensaiden, puiden, ruusujen, monivuotisten kasvien, sipulikasvien, hedelmäpuiden, mansikoiden sekä hedelmä- ja juureskasvien suorituskykyä. Nauti enemmän ja maukkaammista hedelmistä, kauniimmista kasveista, syvemmistä väreistä ja runsaammasta kukinnasta. Parantaa maaperän rakennetta ja aktivoi positiivista maaperän elämää. Korkea kaliumipitoisuus varmistaa vahvan ja kestävän kasvin. Lisäksi tämä lannoite on erityisen magnesiumrikas, mikä edistää optimaalista yhteyttämistä ja syvempiä värejä. Puutarhalannoite All-In-One ei vaikuta maaperän happamuuteen, mikä tekee siitä turvallisen käyttää ja sopivan myös happamia maaperiä suosiville kasveille. Tämä ammattimainen lannoite on yleiskäyttöinen jokaiseen vihannes- ja koristepuutarhaan.</p>"
gid://shopify/Collection/657054499140,kalkkirakeinen-lannoite,Kalkkirakeinen lannoite,"<p>Tämä ainutlaatuinen Organiferin kalkkilannoite on rikastettu magnesiumilla ja soveltuu käytettäväksi kaikkina vuodenaikoina. Se on ihanteellinen suojaamaan maaperää liialliselta happamuudelta ja toimii epäsuorasti myös sammalia vastaan. Kalkin levittäminen on tärkeää maaperän happamuuden (pH-arvon) korjaamiseksi nurmikolla tai vihannespuutarhassa. Jokaiselle kasville on erittäin tärkeää, että maaperän pH-arvo on oikea. Ravinteiden imeytymisen, joita yleensä myös lisätään puutarhaan ja nurmikolle, seurauksena maaperä happamoituu. Lukuun ottamatta happoa suosivia kasveja, tämä ei ole ihanteellista viljelykasvien ja heinän hyvälle ja terveelle kasvulle. Lisätty magnesium varmistaa syvän vihreän värin ja edistää optimaalista fotosynteesiä ja maaperän hedelmällisyyttä.</p>"
gid://shopify/Collection/657054728516,laava-rock-jauhe,Laava rock -jauhe,"<p>Organifer Primordial Rock Lavameal on markkinoiden hienointa laavakivijauhetta. Se on ainutlaatuinen laavakivijauhe, joka sisältää korkeimman pitoisuuden imeytyviä mineraaleja ja tarjoaa parhaat käsittelyominaisuudet. Monipuolisuutensa ansiosta se sopii täydellisesti levitettäväksi, hajotettavaksi tai sekoitettavaksi. Sitä käytetään laajalti puutarhoissa maaperän parantajana ja se on erinomainen suojaamaan kasveja, kuten puksipuuta, tuholaisilta. Lisäksi tämä ravinteikas laavakivijauhe torjuu epäsuorasti myös kortetta ja muita rikkaruohoja.</p>"
gid://shopify/Collection/657054826820,ruukkukasvit-ja-hydroponinen-viljely,Ruukkukasvit ja hydroponinen viljely,"<p>Organifer-hydrogranulaatti sopii sekä hydroponiseen viljelyyn että kukkaruukkujen ja viljelyastioiden pohjalle salaojitukseksi. Hydrogranulaatti varmistaa kasvien terveen kasvun ja tukee juuristoa. Tästä syystä ruukun täyttämisen yhteydessä kannattaa aina lisätä ensin kerros hydrogranulaattia pohjalle. Ruukun koosta riippuen pohjalle suositellaan 3–6 cm kerrosta. Tämä parantaa vedenhallintaa ruukussa ja edistää kasvien kasvua. Ulkoruukuissa on tärkeää, että pohjassa on reikä, jotta ylimääräinen vesi pääsee valumaan pois.</p>"
gid://shopify/Collection/657054892356,nestemainen-lannoite-kasvuvaiheeseen,Nestemäinen lannoite kasvuvaiheeseen,"<p>Nestemäinen lannoite kasvuvaiheeseen - Amino Power on täydellinen lannoite, joka on suunniteltu erityisesti jokaisen kasvin ja sadon kasvuvaiheeseen (Vaihe 1). Tämä voimakas tiiviste sisältää ainutlaatuisen seoksen välttämättömiä aminohappoja ja sisältää 9 % orgaanista typpeä entsymaattisesti hydrolysoiduista proteiineista. Organifer Amino Power sisältää myös ainutlaatuisen seoksen, joka koostuu 18 proteiinia tuottavasta aminohaposta.</p>
<p>Nestemäinen lannoite kasvuvaiheeseen - Amino Power vähentää abioottista stressiä ja varmistaa optimaalisen suorituskyvyn, terveyden ja energiatehokkaan kasvun.</p>
<p>Tuote perustuu merilevään, joten se imeytyy nopeasti ja helposti, edistäen tervettä ja tasaista kasvua sekä parempaa juurten kehitystä. Se antaa ensimmäisen sysäyksen terveelle, elinvoimaiselle kasville ja täydelle kukinnalle.</p>
<p>Nestemäinen lannoite kasvuvaiheeseen - Amino Power on käytössä erittäin menestyksekkäästi hydroponiikassa ja substraattiviljelyssä, sisä- ja ulkoviljelyssä, maataloudessa sekä koriste- ja hyötypuutarhoissa. Lisäksi tuote sopii myös huonekasveille. Nestemäinen lannoite kasvuvaiheeseen - Amino Power soveltuu myös orgaaniseen puutarhaviljelyyn ja on yleiskäyttöinen kaikille kasveille ja sadolle. Se on ihanteellinen orgaaniseen viljelyyn maaperässä tai kookosalustassa. Lisäksi tuote korjaa typen puutetta kasveissasi. Typpivajeen tunnistaa keltaisista lehdistä.</p>"
gid://shopify/Collection/657054925124,juuristimulaattori,Juuristimulaattori,"<p>Juuristimulaattori - Roots-Power-Concentrate on erittäin tiivistetty orgaaninen juuristimulaattori. Tämä stimulaattori varmistaa nopean ja vahvan juurten kehityksen sekä nopean toipumisen siirron jälkeen kaikissa kasveissa. Lisäksi stimulaattori parantaa ravinteiden imeytymistä ja maaperän rakennetta. Se soveltuu ihanteellisesti kasvuvaiheeseen ja kukintavaiheen ensimmäisille viikoille. Se varmistaa, että kasvi kehittää riittävästi juuria jo kukintavaiheen alussa, jotta se voi keskittyä kukintaan. Lopeta Root Stimulator - Roots-Power-Concentrate -tuotteen käyttö kolmannen kukintaviikon jälkeen. Root Stimulator - Roots-Power-Concentrate stimuloi juurten kasvua ja lisää kasvin vastustuskykyä. Se vaikuttaa nopeasti ja tehokkaasti, ja kasvi imee sen lähes välittömästi.</p>
<p>Root Stimulator - Roots-Power-Concentrate edistää vahvojen kasvien kehitystä. Tuote on ihanteellinen pistokkaille ja kasveille, joita siirretään. Heti kun kasvin ensimmäiset juuret ovat näkyvissä, voidaan käyttää Root Stimulator - Roots-Power-Concentrate -tuotetta. Tuote johtaa parempaan ja nopeampaan juurten kehitykseen. Root Stimulator - Roots-Power-Concentrate voidaan myös käyttää kasveihin, joihin on iskenyt juuria syöviä hyönteisiä, jotta juuret voivat nopeasti uudistua.</p>
<p>Tämän voimakkaan orgaanisen tiivisteen vaikutus on hämmästyttävä. Tämä elvyttävä neste varmistaa nopeamman ja paremman juurten kehityksen, lisääntyneen hapen oton ja nopeutetun ionikuljetuksen alusta lähtien.</p>"
gid://shopify/Collection/657054957892,nestemainen-lannoite-kukintavaiheeseen,Nestemäinen lannoite kukintavaiheeseen,"<p>Erittäin tiivistetty täydellinen ravinne, joka perustuu Nestemäiseen lannoitteeseen kukintavaiheeseen - Iron Power, suunniteltu kasvien kukintavaiheeseen. Nestemäinen lannoite kukintavaiheeseen - Iron Power sisältää kaikki tärkeät elementit silmujen, kukkien, hedelmien ja kasvien optimaaliseen kehitykseen. Välitön energiansaanti tapahtuu täydentämällä Adenosiinidifosfaattia (ADP) Adenosiinitrifosfaatilla (ATP). Se stimuloi kukintavaihetta fosforin (P) ja kaliumin (K) avulla. Kiitos Fe<br>ainutlaatuisen kelaattimuodon, tämä raudan muoto ei vaadi kasvilta energiaa. Näin ollen tämä energia hyödyttää täysin kukintaa. Lisäksi Nestemäinen lannoite kukintavaiheeseen - Iron Power pitää lehdet terveinä ja vihreinä.</p>
<p>Nestemäinen lannoite kukintavaiheeseen - Iron Power on tiivistetty lehti- ja juurilannoite, jota annetaan kasvuvaiheen lopussa ja kasvin kukintavaiheen ensimmäisten kolmen viikon aikana. Nestemäinen lannoite kukintavaiheeseen - Iron Power sisältää luonnollisia hormoneja kukintaan ja kasvuun, ja se lisää lehtien sytokiniinin ja klorofyllin pitoisuutta. Tämä myös nostaa sokeritasoa ja stimuloi klorofyllin tuotantoa. Tämä lannoite lisää kasvin vastustuskykyä. Kasvi kehittää enemmän versoja ja kukkia, mikä johtaa elinvoimaiseen kasviin, jossa on runsas kukinta ja korkea sato.</p>
<p>Nestemäinen lannoite kukintavaiheeseen - Iron Power on käytössä menestyksekkäästi hydroponiikassa ja substraattiviljelyssä, sisä- ja ulkoviljelyssä, maataloudessa, golf- ja urheilukentillä, koriste- ja vihannespuutarhoissa sekä huonekasveille. Nestemäinen lannoite kukintavaiheeseen - Iron Power lisää satoja ja varmistaa korkeamman laadun, paremman maun, voimakkaammat värit ja vahvemmat hedelmät kaikissa viljelykasveissa.</p>"
gid://shopify/Collection/657054990660,buxus-vital-tiiviste,Buxus Vital -tiiviste,"<p>Buxus Vital -tiiviste auttaa puksipuuta vahvistumaan ja elinvoimaistumaan 100 % luonnollisella tavalla. Tämän seurauksena puksipuu kasvaa vahvemmaksi ja terveemmäksi, tasapainoisella ja harmonisella tavalla. Lisäksi vahva ja elinvoimainen puksipuu pystyy paremmin torjumaan hyönteishyökkäyksiä, kuten puksimatoa, ja sairauksia, kuten puksipuun sientä. Buxus Vital -tiiviste on poikkeuksellisen tehokas, stimuloiva ja ravitseva tuote kaikille puksipuille.</p>
<p>Se koostuu erityisten luonnollisten yrttiuutteiden seoksesta ja on turvallinen ihmisille, eläimille ja ympäristölle. Buxus Vital 1000 ml -tiivisteen ainesosat imeytyvät hitaasti kasviin ja juuriin ja kulkeutuvat kasvin nestevirtauksen mukana, mikä antaa koko puksipuulle vastustuskykyä ja elinvoimaa.</p>
<p>Buxus Vital -tiivistettä voidaan käyttää sekä maassa kasvaville että ruukkukasveille kastelun yhteydessä. Liuos imeytyy maahan ja kasvin juuriin. On suositeltavaa hoitaa kasvia kasvukauden aikana ja toistaa käsittely kolmen viikon välein. Kaada Buxus Vital -tiivistettä koko kasvin päälle, kunnes se valuu märäksi. Jos kasviin ilmestyy merkkejä tuholaistartunnasta tai on satanut liikaa, lyhennä hoitoväliä.</p>"
gid://shopify/Collection/657055023428,etanoiden-torjunta-tiiviste,Etanoiden torjunta -tiiviste,"<p>Etanoiden torjunta -tiiviste soveltuu liiallisiin häiriöihin, joita aiheuttavat etanat, toukat, villieläinten syönti ja lintujen nokkiminen. Ihanteellinen maatalouteen, koriste- ja vihannespuutarhoihin, ruukkuihin sekä nurmikoille, ruohopintojen, urheilukenttien ja golfkenttien käsittelyyn. Etanoiden torjunta -tiiviste koostuu erittäin tiivistetystä seoksesta erityisiä yrttiuutteita.</p>
<p>Liuos on luonnollista ja kasviperäistä alkuperää. Tuote on myrkytön, ei jää ympäristöön pysyvästi eikä jätä jäämiä. Etanoiden torjunta -tiiviste tarjoaa epäsuoran karkottavan vaikutuksen etanoihin, toukkiin, villieläimiin ja lintuihin. Tuote tukee kasvin luonnollista toipumiskykyä ja toimii hoitavana, ravitsevana ja kasveja vahvistavana.</p>
<p>Etanoiden torjunta -tiiviste on kehitetty erityisesti estämään vahinkoja, joita aiheuttavat etanat, toukat, villieläimet ja linnut, mutta se ei tapa niitä. Tämä tuote on 100 % luonnollinen eikä sisällä haitallisia aineita. Se on myös turvallinen lapsille, lemmikeille ja hyödyllisille puutarhan asukkaille! Etanoiden torjunta -tiiviste on valmistettu luonnollisista yrttiuutteista. Nämä uutteet imeytyvät maahan ja kasviin. Yrttiuutteet tekevät kasvin ja sen ympäristön vähemmän houkuttelevaksi syötäväksi. Tuholaiset eivät enää syö käsiteltyjä kasveja epämiellyttävän ympäristön vuoksi. Tuholaiset vetäytyvät piilopaikkoihinsa eivätkä pääse kehittymään edelleen. Näin häiriö vähenee luonnollisesti.</p>
<p>Etanoiden torjunta -tiiviste soveltuu luomupuutarhoihin. Turvallinen ihmisille, eläimille ja ympäristölle. Turvallinen myös luonnollisille petoeläimille, lemmikeille ja hyödyllisille hyönteisille!</p>"
gid://shopify/Collection/657055121732,phytophthora-tiiviste,Phytophthora-tiiviste,"<p>Phytophthora-tiiviste on valmistettu erityisesti aktiivisista yrttitiivisteistä ja on turvallinen ihmisille, eläimille sekä ympäristölle. Tuote tukee kasvien luonnollista toipumiskykyä. Lisäksi se ravitsee, ruokkii ja vahvistaa kasveja ulkoisia vaikutuksia, maaperää ja juuria vastaan. Sillä on epäsuora vaikutus perunoiden ja tomaattien Phytophthoraa vastaan. Liuos imeytyy kasvin lehtien kautta ja vahvistaa sen puolustusjärjestelmää. Phytophthoran kehittymistä hillitään ja estetään.</p>"
gid://shopify/Collection/657055154500,%d0%baonsentraatti-sukkulamatoja-vastaan,Кonsentraatti sukkulamatoja vastaan,"<p>Nematoditiiviste suojaa kasveja luonnollisesti useilta haitallisilta maaperässä esiintyviltä sukkulamadoilta, kuten juurisolmukkamadot (jotka aiheuttavat ruusun väsymystä), erilaiset haitalliset juurimadot, perunanystymadot ja sokerijuurikassukkulamadot.</p>
<p>Tuote on tiivistetty seos erityisesti vaikuttavista yrttiuutteista, ja se on myrkytön ihmisille, eläimille ja ympäristölle. Tuote ei ole pysyvä; se hajoaa maaperässä eikä jätä jäämiä.</p>
<p>Nematoditiiviste – Maaperän sukkulamatojen tiiviste tarjoaa ennaltaehkäisevän vaikutuksen maaperän tuholaisia vastaan. Aine imeytyy kasvin juuriin, jolloin ne voivat kehittää oman puolustusjärjestelmänsä. Parasiittiset sukkulamadot eivät enää ruoki juuria. Tämän seurauksena sukkulamatojen populaatio vähenee ja ajan myötä haitat katoavat kokonaan.</p>"
gid://shopify/Collection/657055220036,concentrate-maaperan-sienia-vastaan,Concentrate maaperän sieniä vastaan,"<p>Maaperän sieni - Sienitiiviste koostuu erittäin tiivistetystä seoksesta erityisesti vaikuttavia yrttiuutteita ja tarjoaa ennaltaehkäisevän suojan maaperän sieniä vastaan, kuten verticillium (lakastumistauti), pythium (taimipoltetta aiheuttava sieni) ja fusarium (jalan ja juurten mätä). Tuote tukee kasvien luonnollista toipumiskykyä, tarjoaa hoitoa, ravintoa ja vahvistaa kasveja ulkoisia vaikutuksia vastaan, niin maaperässä kuin juurissakin. Maaperän sieni - Sienitiiviste on luonnollista ja kasviperäistä alkuperää ja myrkytön ihmisille, eläimille ja ympäristölle.</p>
<p>Hyväksytty luomu- ja ekologiseen puutarhanhoitoon. Maaperän sieni - Sienitiiviste imeytyy kasvien lehtien ja maaperän kautta. Juuria stimuloivien ja kasveja hoitavien ainesosien ansiosta juuret, lehdet ja maaperä kehittävät suurempaa vastustuskykyä ja oman puolustusjärjestelmänsä. Tuotteen ainesosat parantavat maaperää ja vahvistavat kasveja, minkä lisäksi niillä on epäsuora vaikutus haitallisiin maaperän sieniin.</p>"
gid://shopify/Collection/657055252804,heinahyonteisten-tiiviste,Heinähyönteisten tiiviste,"<p>Heinähyönteisten tiiviste vaikuttaa epäsuorasti toukkien (kuten maakiitäjäisten, kastanjakiitäjäisten, ruusukuoriaisten, sallandinkuoriaisten jne. toukkien), nahkajalkojen (heinikoin toukkien) ja sieni- ja harsosääskien toukkien esiintymiseen nurmikossa. Heinähyönteisten tiiviste imeytyy sekä nurmikon juureen että lehteen. Se lisää nurmikon vastustuskykyä, jolloin kasvi kehittää itse oman puolustusmekanisminsa. Myös maaperä hyötyy positiivisesti. Kasvin juuria stimuloidaan, mikä edistää terveellistä nurmikon kasvua. Heinäkuoriaisen toukat, nahkajalat ja muut haitalliset toukat välttävät kasveja. Tuholaiset eivät enää pidä juuria ja lehtiä houkuttelevina. Ennaltaehkäisevällä käytöllä nahkajalkojen, heinäkuoriaisten ja harsosääskien toukat eivät saavuta kotelovaihetta.</p>
<p>Nurmikosta tulee terveempi, juuret alkavat kasvaa uudelleen ja muuttuvat vähemmän houkutteleviksi tuholaisille. Heinähyönteisten tiiviste on suunniteltu erityisesti heinäkuoriaisen toukille, nahkajaloille ja harsosääskien toukille nurmikoilla, niityillä ja urheilukentillä. Tuote koostuu erityisesti aktiivisista yrttiuutteista ja sillä on epäsuora ennaltaehkäisevä vaikutus maaperän hyönteisiä vastaan. Se tukee kasvien luonnollista toipumiskykyä, tarjoaa hoitoa, ravitsee ja vahvistaa kasveja ulkoisia tekijöitä, maaperää ja juuria vastaan. Heinähyönteisten tiiviste on luonnollista ja kasviperäistä alkuperää, myrkytön ihmisille, eläimille ja ympäristölle, ja sopii luomupuutarhanhoitoon.</p>"
gid://shopify/Collection/657055318340,maaperan-hyonteisten-tiiviste,Maaperän hyönteisten tiiviste,"<p>Organiferin Maaperän hyönteisten tiiviste koostuu erityisesti toimivista yrttiuutteista ja tarjoaa ennaltaehkäisevän suojan maaperän hyönteisiä vastaan. Tämä tuote tukee kasvin luonnollista toipumiskykyä ja tarjoaa hoitavia, ravitsevia sekä kasveja vahvistavia vaikutuksia ulkoisia vaikutuksia vastaan, maaperässä ja juurissa. Organiferin Maaperän hyönteisten tiiviste on luonnollista ja kasviperäistä alkuperää ja on turvallinen ihmisille, eläimille ja ympäristölle. Se sopii erityisen hyvin luomupuutarhaan. Tämä luonnollinen ratkaisu tarjoaa ennaltaehkäisevän toiminnon maassa olevia tuholaisia vastaan, kuten langanmatoja (napsiaisia), maaperässä eläviä toukkia (yökkösiä), viinikärsäkkäitä (kärsäkkäitä), jalokovakuoriaisten ja kaarnakuoriaisten toukkia, vihanneskärpäsiä, juurten poraajia, siiroja ja muita haitallisia hyönteisiä vastaan.</p>
<p>Organiferin Maaperän hyönteisten tiiviste imeytyy kasvien, pensaiden tai puiden juuriin ja lehtiin ja muuttaa viljelmän tuoksua ja makua. Tämä muutos on havaittavissa vain hyönteisille. Kasvin vastustuskyvyn kasvaessa se kehittää oman puolustusjärjestelmänsä. Haitalliset maaperän hyönteiset alkavat välttää kasvia eivätkä enää syö sitä. Tämän seurauksena myös niiden lisääntyminen lakkaa ja populaatio pienenee merkittävästi. Näin haitat ja vahingot vähenevät luonnollisesti.</p>"
gid://shopify/Collection/657055678788,lehti-hyonteisten-tiiviste,Lehti Hyönteisten tiiviste,"<p>Lehtihyönteisten tiiviste vaikuttaa epäsuorasti ja ennaltaehkäisevästi luonnollisia hyökkääjiä, kuten kirvoja, kilpikirvoja, juurikilpikirvoja, villakirvoja, villakilpikirvoja, jauhiaisia, toukkia (mukaan lukien buxuskoitoukka), viinikärsäkkäitä, liljakovakuoriaisia, äkämäsääskiä, vihannespunkkeja, mustakärpäsiä, purjosääskiä, mustapapukirvoja, mansikankukkakärsäkkäitä ja kaskaita vastaan.</p>
<p>Aine imeytyy kasvien, pensaiden tai puiden lehtiin. Kasvin vastustuskyvyn kasvaessa se kehittää eräänlaisen oman puolustusjärjestelmänsä tämän imeytymisen kautta. Imemällä ja pureskelemalla ravintoa lehtihyönteiset häviävät, koska ne eivät pidä kasvien tarjoamasta ruoasta. Muut hyönteiset eivät kärsi. Näin ongelmat ja vahingot häviävät luonnollisesti.</p>
<p>Lehtihyönteisten tiiviste koostuu erittäin tiivistetystä seoksesta erityisesti vaikuttavia yrttiuutteita. Tuote on luonnollista kasviperäistä alkuperää ja myrkytön ihmisille, eläimille ja ympäristölle. Lehtihyönteisten tiivistettä voidaan käyttää koristepuutarhassa, vihannespuutarhassa, terassilla tai parvekkeella suihkuttamalla. Syötävät kasvit voidaan turvallisesti nauttia.</p>"
gid://shopify/Collection/657055711556,lehtitautien-tiiviste,Lehtitautien tiiviste,"<p>Lehtitautien -tiiviste koostuu erityisesti vaikuttavista (myrkyttömistä) yrttiuutteista, jotka tekevät kasveista vastustuskykyisempiä lehtisieniä ja lehtilaikkuja vastaan. Tämä kattaa härmän, perunaruton, ruosteen, lehtilaikkutautien ja mustalaikun sekä heinä- ja lehtisienet. Se soveltuu koristepuutarhojen, vihannespuutarhojen ja puistojen kasveille, joissa maaperän elinvoimaisuus on heikentynyt ja kasvien vastustuskyky alhaisempi, mikä voi johtaa lehtitauteihin.</p>
<p>Tuote tukee kasvien luonnollista paranemiskykyä, tarjoaa hoitoa, ravintoa ja vahvistaa kasveja ulkoisia vaikutuksia vastaan, niin maaperässä kuin juurissa. Lehtitautien Bladziekten -tiiviste imeytyy kasvien lehtien ja juurten kautta. Juuria stimuloivien ja kasveja hoitavien ainesosien ansiosta kasvit kehittävät suurempaa vastustuskykyä ja elinvoimaisuutta. Lehtitautien Bladziekten -tiiviste on paras antaa ennaltaehkäisevästi, erityisesti jos aiemmin on ollut merkittäviä haittoja ja vahinkoja.</p>"
gid://shopify/Collection/657055744324,basaltti-savi-maaperan-parannusaine,Basaltti Savi maaperän parannusaine,"<p>Basalttijauhe maaperänparannusaine savimaalle on erityisen sopiva savimaiden parantamiseen. Basalttijauhe maaperänparannusaineelle savimaalle on ominaista poikkeuksellisen korkeat sähkömagneettiset arvot. Se reagoi savi-humuskompleksin kanssa, saaden saven murenemaan. Se rikkoo savihiukkasten välisen yhteyden, mikä johtaa helpommin työstettävään ja murenevampaan maaperään. Lisäksi basalttijauheella on positiivinen ominaisuus sitoa typpeä, mikä estää sen nopean huuhtoutumisen. Lyhyesti sanottuna maaperästä tulee helpompi työstää, ja sen rakenne paranee. Se sisältää myös runsaasti piitä, kalkkia, magnesiumia ja hivenaineita, jotka rikastuttavat maaperää. Tämä 100 % luonnollinen tuote on hienoksi jauhettua basalttia, joka on peräisin tuliperäisestä kivestä Eifelistä.</p>"
gid://shopify/Collection/657055777092,koristeellinen-nurmikon-siemen,Koristeellinen nurmikon siemen,"<p>Ornamental Grass Seed – Elegant on kehitetty niille, jotka arvostavat nurmikollaan korkeaa esteettistä arvoa. Hienojakoiset punanata-lajikkeet varmistavat tiiviin ja hienolehtisen nurmikon. Tämä ammattimainen siemenseos menestyy kuivissa olosuhteissa ja säilyy vahvana myös lyhyenä leikattuna. Nurmikko näyttää syvän vihreältä ja ylelliseltä. Punanata takaa tiiviin ja kauniin kasvuston.</p>
<p>Erityisen sopiva koristeellisiin nurmikoihin ja puutarhoihin. Tätä seosta kutsutaan käytännössä usein koriste- tai varjonurmikoksi. Seos koostuu pääasiassa hitaasti kasvavista heinätyypeistä ja -lajikkeista, jotka säilyttävät syvän vihreän värinsä ympäri vuoden ja vaativat vähän hoitoa. Ornamental Grass Seed – Elegant sopeutuu hyvin varjoisiin alueisiin, muodostaen tiiviin nurmikön, jota voidaan leikata lyhyeksi.</p>"
gid://shopify/Collection/657055809860,laava-hiekka,Laava hiekka,"<p>Organiferin alkukivinen laavasora on markkinoiden korkealaatuisinta laavasoraa. Tämä maaperän parannusaine sisältää suurimman pitoisuuden mineraaleja ja tarjoaa erinomaiset käsittelyominaisuudet. Se on monipuolinen ja soveltuu erinomaisesti levitettäväksi tai sekoitettavaksi. Laajasti käytetty puutarhoissa maaperän parantajana, tämä erittäin mineraalirikas laavasora toimii epäsuorasti myös kortetta ja muita rikkaruohoja vastaan. Sillä on erittäin korkea huokostilavuus ja se parantaa tiiviin maaperän olosuhteita. Se parantaa maaperän rakennetta, veden ja ilman pidätyskykyä, juurten läpäisevyyttä sekä mineraalien saatavuutta maaperässä. Lavagruis on laajasti ja menestyksekkäästi käytössä puutarhoissa, maataloudessa, urheilukentillä, metsätaloudessa ja taimitarhoilla.</p>"
gid://shopify/Collection/657055973700,nurmikon-korjaussiemen,Nurmikon korjaussiemen,"<p>Nurmenkorjaussiemen – Kestävä sisältää ihanteellisen palautumisreseptin kaikenlaisten nurmikoiden uudistamiseen ja täydennyskylvöön. Sen erittäin nopea itäminen ja vakiintuminen olemassa olevaan nurmikkoon, yhdistettynä sen valtavaan kilpailukykyyn, takaavat nopean korjausratkaisun. Se täyttää nopeasti paljaat ja avoimet alueet. Tuloksena on täydellinen muodonmuutos hallittavilla kustannuksilla, saaden jokaisen nurmikon näyttämään kuin uudelta.</p>
<p>Nurmenkorjaussiemen – Kestävä yhdistää korkean kulutuskestävyyden ja nopean vakiintumisen erinomaiseen uudelleenkasvukykyyn. Tämä nurmikkoseos itää, vakiintuu ja toipuu nopeasti. Nurmenkorjaussiemen – Kestävä varmistaa tiheän turpeen, jossa sammal ja rikkakasvit eivät saa jalansijaa. Se on ammattitason nurmikkoseos, joka sopii erinomaisesti nurmikoiden täydennyskylvöön ilmauksen jälkeen. Sen nopea itäminen tarkoittaa, että paljaat kohdat peittyvät nopeasti. Lukuisat puutarhurit ja urheilukenttien hoitajat valitsevat säännöllisesti Nurmenkorjaussiemen – Kestävä -seoksen sen poikkeuksellisen nopean kasvun, korkean uudelleenkasvukyvyn ja houkuttelevan ulkonäön vuoksi. Suuri osa hienoa englantilaista raiheinää mahdollistaa sileän pinnan, ja sen yhdistelmä niittynadan kanssa takaa erityisen kestävän turpeen.</p>"
gid://shopify/Collection/657056039236,kananlantarakeet,Kananlantarakeet,"<p>Organifer Kananlantarakeet tarjoavat täydellisen ratkaisun jokaiselle puutarhurille, joka haluaa terveellisen ja hedelmällisen maaperän. Nämä rakeet on valmistettu 100 % puhtaasta kananlannasta, joka on peräisin hollantilaisilta tiloilta. Ne ovat kestäviä ja kustannustehokkaita, mikä tekee niistä houkuttelevan vaihtoehdon kaikille puutarhureille.</p>
<p>Kananlantarakeemme kuivataan ja hygienisoidaan tehokkaalla kompostoinnilla, säilyttäen kaikki ravinteet. Tämä takaa, että rakeet ovat täysin vapaita viruksista, bakteereista, ei-toivotuista sienistä, rikkaruohoista ja taudinaiheuttajista, ja ne tarjoavat tasaisen laadun ja korkeimmat lannoitusarvot ilman laadun heikkenemistä.</p>
<p>Organifer Kananlantarakeet ovat ravinteiden lisäksi myös rikkaat orgaanisesta aineksesta. Korkea orgaanisen aineksen pitoisuus varmistaa ilmavan maaperän, joka mahdollistaa kasvien juurtumisen syvemmälle ja parantaa niiden vastustuskykyä tauteja ja tuholaisia vastaan. Rakeet parantavat maaperän rakennetta ja hedelmällisyyttä, mikä edistää maaperän terveyttä. Kananlantarakeilla on myös suuri vedenimeytymiskyky, joka on jopa nelinkertainen niiden omaan painoon nähden. Tämä pitää maaperän kosteana ja säilyttää veden hyvin, vähentäen kastelutarvetta ja tehden maaperästä vähemmän alttiin kuiville kausille.</p>
<p>Organifer Kananlantarakeet soveltuvat kaikentyyppisille maaperille ja ovat välttämättömiä terveen ja toimivan maaperän ylläpitämiseksi. Ne sopivat erinomaisesti vihannes- ja koristepuutarhoihin, nurmikoille, puille ja kasveille. Rakeet on helppo levittää pellolle ja puutarhaan, eikä niistä synny pölyä. Valitse Organifer Kananlantarakeet, jos etsit kestävää ja kustannustehokasta ratkaisua 100 % orgaaniseen lannoitukseen, joka tuottaa terveellisen ja hedelmällisen maaperän sekä kasvit.</p>"
gid://shopify/Collection/657056072004,niityn-siemensekoitus,Niityn siemensekoitus,"<p>Niittyruohonsiemen - erityisesti hevosille ja pienkarjalle on korkealaatuinen laidunseos, joka soveltuu sekä niittämiseen että laiduntamiseen. Seos koostuu valikoiduista sertifioiduista siemenistä ja sisältää englanninraiheinää, nurminataa, niittynataa sekä nurmirölliä. Tämä monipuolinen koostumus tekee siitä ihanteellisen kylvöön kaikentyyppisille maaperille ja laajoihin olosuhteisiin.</p>
<p>Niittyruohonsiemen pysyy tuottavana ja maistuvana kaikilla maaperillä ja soveltuu erinomaisesti laiduntamiseen. Vaikka kasvuolosuhteet eivät olisi ihanteelliset, Niittyruohonsiemen - erityisesti hevosille ja pienkarjalle kestää hyvin. Seos on erittäin satoisa ja pitkäikäinen. Tämä laidunseos on suunniteltu erityisesti hevosille ja koostuu monipuolisista heinistä, joilla on matala kasvupiste ja hyvä rakenne. Se tarjoaa erittäin kestävän laidunalueen, joka kestää tallaamista. Seos tuottaa erittäin maukasta ruohoa, joka koostuu terveellisistä heinäkasveista, joissa on alhainen sokeripitoisuus. Seoksen koostumus soveltuu myös lampaille, vuohille ja harraste-eläimille.</p>"
gid://shopify/Collection/657056170308,kuivattu-lehmanlanta,Kuivattu lehmänlanta,"<p>Organifer Premium Kuivattu Lehmänlanta on valmistettu 100 % puhtaasta ja tuoreesta lehmänlannasta. Hygienisoitu lehmänlanta, joka sisältää noin 55 % kuiva-ainetta, on täynnä välttämättömiä ravinteita täydellisen lopputuloksen saavuttamiseksi. Korkea orgaanisen aineksen pitoisuus, oikeassa yhdistelmässä mineraalien, humushappojen ja hivenaineiden kanssa, tekee lehmänlannasta täydellisen yleislannoitteen ja maaperän parantajan.</p>
<p>Tämä hollantilainen laatutuote kuivataan ja hygienisoidaan kompostoimalla hollantilaisilla maatiloilla, välttäen turhat kuljetukset ja varmistamalla tuoreesta lannasta valmistetun tuotteen ilman tappioita. Ainutlaatuinen kompostointimenetelmä takaa tasaisen laadun, korkeimmat lannoitusarvot ja täydellisen lopputuotteen, joka on taatusti täysin vapaa viruksista, bakteereista, ei-toivotuista sienistä, rikkaruohoista ja bakteereista. Se sopii erinomaisesti nurmikoille, koristepuutarhoihin, reunuksiin, sipuli- ja mukulakasveille, vihannespuutarhoihin, ruusuille, ruukkukasveille, hedelmäpuille ja laitumille. Tämä kuivattu lanta koostuu 100 % puhtaasta ja tuoreesta lehmänlannasta, joka on kuivattu kompostoimalla. Se parantaa maaperän rakennetta ja vedenpidätyskykyä korkean orgaanisen aineksen ansiosta, edistää hedelmällistä maaperän ympäristöä ja rikastaa maaperää luonnollisesti, mikä ylläpitää pitkäaikaista tasapainoa.</p>"
gid://shopify/Collection/657056268612,levakalkki-lithothamnium-calcareum,Leväkalkki – Lithothamnium calcareum,"<p>Organifer Leväkalkki on peräisin 100 % puhtaasta Lithothamnium calcareum -punalevästä, joka on kestävä luonnontuote Atlantin valtamerestä. Organifer Leväkalkki erottuu muista merkeistä säilyttämällä laimentamattomuutensa, mikä takaa sen puhtauden. Vaikka se ei ole budjettiystävällisin leväkalkkivaihtoehto, se edustaa korkeinta laatua ja on täysin puhdas. Tämän seurauksena se on erittäin tehokas. Organifer Leväkalkki tarjoaa ainutlaatuisen ja optimaalisen ravintoprofiilin, mikä johtaa terveisiin kasveihin ja hedelmälliseen maaperään.</p>"
gid://shopify/Collection/657056334148,jauhomatojen-jate-lannoiterakeet,Jauhomatojen jäte lannoiterakeet,"<p>Organiferin lannoiterakeet, jotka on valmistettu jauhomatojen jätöksistä, tehdään 100 % puhtaasta jauhomatokuoriaisten jätöksistä. Tämä korkealaatuinen tuote tuotetaan Alankomaissa, kuivataan ja hygienisoidaan lämmittämällä, ja sitten se puristetaan ainutlaatuisiksi mikrorakeiksi. Organiferin jauhomadon lannoiterakeet ovat lähes hajuttomia, mikä tekee niistä sopivia myös sisäkasveille.</p>
<p>Organiferin jauhomatojen jätelannoiterakeiden NPK-arvo on 4-2-2, ja ne sisältävät runsaasti kitiiniä. Lisäksi tuote on rikas mineraaleista, hivenaineista ja orgaanisesta aineksesta. Tämä monikäyttöinen lannoite sisältää kaikki ravinteet, jotka ovat tarpeen sekä nurmikolle että kasveille. Koska Organiferin jätelannoite on 100 % orgaaninen, ravinteet vapautuvat hallitusti eivätkä huuhtoudu pois. Organiferin hyönteislannalla parannetaan kasvien ja maaperän kasvua, kukintaa ja vastustuskykyä.</p>"
gid://shopify/Collection/657056563524,bentonitti-hiekkamaan-parannusaine,Bentonitti hiekkamaan parannusaine,"<p>Organifer Bentoniitti on täydellinen maaperän parannusaine kevyille hiekkamaille. Nämä luonnonkivistä peräisin olevat laajentuneet savimineraalit ovat erityisen sopivia hiekkamaan rakenteen ja yhtenäisyyden parantamiseen. Tämän seurauksena hiekkamaasta tulee helpommin työstettävää, ja maaperän rakenne paranee huomattavasti käytön myötä.</p>
<p>Mutta se ei ole vielä kaikki! Organifer Bentoniitti parantaa myös maaperän vedenhallintaa ja estää lannoitteiden huuhtoutumista. Tämä johtuu sen suuresta imukyvystä, joka pystyy absorboimaan jopa 10 kertaa oman painonsa verran vettä. Näin ollen maaperä kuivuu vähemmän nopeasti, ja kosteus pysyy kasveille saatavilla pidempään, jopa kuivina kesinä.</p>
<p>Organifer Bentoniitilla on myös positiivinen vaikutus ravinteiden varastointikykyyn, ja se estää ravinteiden huuhtoutumista. Se aktivoi maaperän eliöstöä ja parantaa ravinteiden vaihtoa maaperän ja kasvin välillä, edistäen maaperän hedelmällisyyttä ja lisäten lannoitteiden tehokkuutta.</p>
<p>Lyhyesti sanottuna, Organifer Bentoniitti on monipuolinen maaperän parannusaine, joka parantaa maaperän vedenhallintaa, sitoo ravinteita paremmin ja aktivoi maaperän eliöstöä, tuloksena terveemmät kasvit ja hedelmällisempi maaperä.</p>"
gid://shopify/Collection/657056596292,varjostava-nurmikonsiemen,Varjostava nurmikonsiemen,"<p>Varjonurmikon siemenseos - Elegant on ihanteellinen varjossa olevan nurmikon luomiseen tai kunnostamiseen. Tämä siemenseos on suunniteltu käyttäjille, jotka vaativat nurmikoltaan korkeaa esteettistä arvoa. Se sisältää puna- ja hienolehtisiä nurmikkolajeja, jotka kasvavat tiheänä ja hienojakoisena mattona. Tämä ammattimainen nurmikkosiemenseos menestyy hyvin myös varjoisissa olosuhteissa. Se sopii lisäksi kuiville alueille ja kestää lyhyeksi leikattuna hyvin pystyssä. Ornamental-nurmikko on kauniin vihreä ja tyylikkään näköinen.</p>
<p>Täydellinen nurmikko myös varjossa<br>Varjonurmikon siemenseos - Elegant sisältää nurmikkolajeja, jotka kasvavat erinomaisesti vähäisessäkin auringonvalossa. Varjossakin kasvaa kaunis, tiheä nurmikko, joka ehkäisee sammaleen ja paljaiden laikkujen muodostumista. Korkean varjonkestävyyden lisäksi siemenseoksella on myös korkea kuivuudenkestävyys. Tämä monipuolinen seos sopii erinomaisesti sekä koriste- että varjonurmikoille.</p>
<p>Ammattimainen ratkaisu maisemasuunnittelijoille<br>Tämä siemenseos on räätälöity vaativille käyttäjille, jotka tarvitsevat kauniita nurmikoita puistoihin ja puutarhoihin. Punanadan ja hienolehtisen raiheinän käyttö luo visuaalisesti vaikuttavan lopputuloksen. Se soveltuu kaikille maalajeille ja on helposti ylläpidettävä. Nurmikkosiemenillä on korkea itävyys ja ne tuottavat kauniin ja kestävän nurmikon, joka kestää hyvin kulutusta ja jalanjälkiä. Lisäksi seos on helppohoitoinen ja sillä on korkea koristearvo. Monet maisemasuunnittelijat käyttävät yksinomaan Organiferin nurmikkosiemeniä niiden nopean itämisen, nopean juurtumisen, korkean uusiutumiskyvyn ja kauniin ulkonäön vuoksi.</p>
<p>Paras valinta varjonurmikoille<br>Varjonurmikon siemenseos - Elegant on erityisen sopiva koriste- ja varjonurmikoille. Tämä seos koostuu pääasiassa hitaasti kasvavista ruoholajeista, jotka säilyttävät tummanvihreän värinsä ympäri vuoden. Seos mukautuu hyvin varjoisiin alueisiin ja muodostaa tiiviin nurmikon, jota voi leikata lyhyeksi.</p>"
gid://shopify/Collection/657056629060,urheilu-ja-leikki-nurmikon-siemen,Urheilu ja leikki nurmikon siemen,"<p>Sports and Play Lawn Seed - Resilient sisältää täydellisen kaavan nurmikoille, jotka kestävät kovaa kulutusta. Sen nopea itäminen takaa kestävän nurmikon, joka uusiutuu itse. Alun perin ammattilaisten urheilukentille kehitetty seos on ihanteellinen sekä urheilu- että leikkikentille. Sitä suositaan myös leirintäalueilla, festivaalipaikoilla, puistoissa ja kaikissa paikoissa, joissa tarvitaan kulutusta kestävää ruohoa, jolla on korkea uusiutumiskyky.</p>
<p>Tämä siemenseos tarjoaa paitsi hyvän kulutuskestävyyden ja nopean asettumisen, myös poikkeuksellisen uusiutumiskyvyn. Kylvön jälkeen seos asettuu nopeasti ja täyttää kaikki paljaat alueet. Sen koostumus takaa tiheän nurmikon, jossa sammal ja rikkaruohot eivät menesty.</p>
<p>Ammattilaismaisemoijat ja urheilukenttien ylläpitäjät suosivat Sports and Play Lawn Seed - Resilient -seosta. Sen nopea kasvu ja asettuminen sekä houkutteleva ulkonäkö tekevät siitä erinomaisen valinnan. Seoksen huomattava määrä hienoa raiheinää varmistaa tasaisen nurmikon. Lisäksi niittynadan lisääminen tekee nurmikosta erityisen kestävän.</p>"
gid://shopify/Collection/657056661828,maaperan-parannus-aineen-aktivaattori-seos,Maaperän parannus aineen aktivaattori seos,"<p>Tämä maaperän parannusaine, joka sisältää eläviä sieniä ja bakteereja (mukaan lukien Mycorrhiza bacillus), stimuloi ja aktivoi maaperän ekosysteemiä. Tämä täydellinen maaperän parannusaine perustuu matokompostin ja kuivatun lehmänlannan seokseen, joka on rikastettu mineraaleilla ja hivenaineilla tuliperäisestä kivipölystä.</p>"
gid://shopify/Collection/657056694596,kasviravinne-all-in-one,Kasviravinne All-In-One,"<p>Organifer Kasviravinne All-In-One on yleiskäyttöinen, täydellinen lannoite kaikille huonekasveille, ruukkukasveille, terassi- ja parvekekasveille, mutta sitä käytetään laajasti myös vihannesten, hedelmien, yrttien orgaanisessa viljelyssä sekä nurmikoiden ja koristepuutarhojen nestemäisessä lannoituksessa. Tämä orgaaninen yleislannoite varmistaa terveen kasvun ja optimaalisen suorituskyvyn.</p>"
gid://shopify/Collection/657056727364,scarifying-yhdiste,Scarifying yhdiste,"<p>Organifer Nurmikon kunnostus on täydellinen sekoitus, jolla heikosta ja harvasta nurmikosta saadaan täyteläinen, vahva ja vihreä. Ammattimainen sekoitus nurmikon korjaamiseen ja uudistamiseen tarjoaa terveen ja tiheän vihreän nurmikon kuukauden kuluessa nurmikon ilmastoinnin jälkeen. Tulokset ja helppous saavutetaan yhdistämällä korkealaatuiset ruohonsiemenet, lannoitteet ja maaperän parannusaineet. Kaikki on sekoitettu optimaalisessa suhteessa tukevassa pussissa, mikä takaa onnistumisen kerralla. Ei ole ihme, että Organifer Nurmikon kunnostusta ovat käyttäneet menestyksekkäästi puutarhurit ja vaativat kuluttajat jo vuosien ajan. Se ehkäisee rikkaruohoja, sammalta ja paljaita kohtia; valitsemalla Organifer Nurmikon kunnostuksen, valitset terveen, tiheän ja tummanvihreän nurmikon.</p>"
gid://shopify/Collection/657056792900,rautasulfaattilannoite,Rautasulfaattilannoite,"<p>Rautasulfaattipohjainen lannoite tiheän, vehreän nurmikon saavuttamiseksi ilman sammalta. Sopii myös muiden puutarhakasvien rautalannoitukseen. Korkea rautapitoisuus parantaa nurmikon kilpailukykyä sammalta ja rikkaruohoja vastaan. Rautasulfaatti on ratkaisevassa roolissa kasvien, erityisesti ruohon, yhteyttämisessä. Lannoite varmistaa, että kasvit imevät auringonvaloa tehokkaasti, mikä lisää niiden kestävyyttä ja ehkäisee lehtitauteja.</p>"
gid://shopify/Collection/657056858436,kukkien-siemensekoitukset,Kukkien siemensekoitukset,"<p>Kukkaseokset tarjoavat täydellisen ratkaisun, kun haluat muuttaa puutarhan tai julkisen tilan kauneuden keitaaksi. Huolella valikoidut kukkasiemenemme takaavat upean väriloiston ja unohtumattoman tuoksun. Seoksemme sisältävät vain parhaat ja kotimaiset kukkalajit.</p>
<p>Nämä kukkaseokset edistävät luonnon monimuotoisuutta ja tukevat erilaisten hyönteis- ja eläinlajien selviytymistä. Lisäksi ne parantavat maaperän laatua tuomalla siihen orgaanista ainesta ja ravinteita. Organiferin kukkaseokset ovat helppohoitoisia, ja ne tuottavat upean kukkaloiston vähällä vaivalla. Varmistamme, että tuotteemme ovat ympäristöystävällisiä ja luonnollisia, joten voit nauttia luonnonkauneudesta huoletta.</p>"
gid://shopify/Collection/657056923972,lampipallot-kasviravinnolla,Lampipallot kasviravinnolla,"<p>Lammikonkasvit ovat ratkaisevassa roolissa lammessasi, ei ainoastaan koriste-elementteinä, vaan myös pitämään veden kirkkaana ja puhtaana. Siksi lammikonkasvien terve kasvu on tärkeää, jotta levän kasvu estyy ja vesieläimet pysyvät suojassa.</p>
<p>Pitääksesi kasvisi terveinä, Organifer EM ravinnepallot tarjoavat täydellisen ratkaisun. Nämä pallot sisältävät sekä makro- että mikroravinteita, jotka tarjoavat oikeat ravinteet, ja ne varmistavat myös hallitun vapautumisen, jotta yliruokinta tai aliruokinta vältetään. Lisäksi ravinnepallot eivät ainoastaan stimuloi kasvien kasvua, vaan myös niiden vastustuskykyä tauteja ja tuholaisia vastaan.</p>
<p>EM ravinnepallot ovat helppokäyttöisiä ja sopivat kaikille lammikonkasveille. Voit yksinkertaisesti asettaa ne kasvikoriin, työntää ne suodattimen substraattiin tai heittää ne vesikasvien joukkoon lampeen. Ne vajoavat heti pohjaan ja vapauttavat ravinteita hitaasti, jotta kasvisi pysyvät terveinä ja ravittuina ympäri vuoden.</p>"
gid://shopify/Collection/657056956740,diatomiitti,Diatomiitti,"<p>Luonnollinen piimaa tunnetaan laajalti turvallisena ja tehokkaana menetelmänä erilaisten tuholaisten torjumiseksi. Tämä sisältää muurahaiset, sokeritoukat, ampiaiset, lutikat, paperitoukat, kirput, täit, punkit, torakat, siirat, punapunkit, lintupunkit, kirvat, jauhokoiden toukat, harsosääsket, ripsiäiset ja muut haitalliset hyönteiset. Organifer Piimaa on monikäyttöinen, täysin luonnollinen ja hajuton tuote, joka sopii sekä sisä- että ulkokäyttöön.</p>
<p>Piimaa toimii mekaanisen prosessin kautta, jossa mikroskooppiset hiukkaset puhkaisevat hyönteisten suojaavan vahakerroksen, mikä aiheuttaa niiden kuivumisen ja kuoleman. On kuitenkin tärkeää huomata, että piimaa ei ole valikoiva ja voi tappaa kaikki hyönteiset, jotka joutuvat kosketuksiin sen kanssa, mukaan lukien hyödylliset hyönteiset. Siksi jauhetta tulee levittää huolellisesti ja strategisesti, jotta vältetään ei-toivotut vahingot. Piimaa pysyy tehokkaana niin kauan kuin se on kuivana ja häiriintymättömänä. Piimaa on vaaraton ihmisille ja eläimille, mikä tekee siitä suositun vaihtoehdon kemiallisille torjunta-aineille.</p>"
gid://shopify/Collection/657057022276,kasvipuutarhan-siemenet,Kasvipuutarhan siemenet,"<p>Haluaisitko nauttia tuoreista ja terveellisistä tuotteista suoraan omasta puutarhastasi?</p>
<p>Meidän Vihannesten Siemenpakkaukset sisältävät huolellisesti valitun kokoelman olennaisia ja kulinaarisia vihanneksia, hedelmiä ja yrttejä, jotka sopivat täydellisesti keittiöpuutarhaan. Jokainen siemenlajike on valittu niiden helpon kasvatettavuuden ja sopivuuden eri vuodenaikoihin, mikä takaa runsaan sadon. Siemenet on pakattu käteviin pusseihin, mikä tekee kokoelman säilyttämisestä ja järjestämisestä vaivatonta.</p>
<p>Siemenpakkauksissa on myös kattavat kuvaukset jokaisesta lajikkeesta. Pusseista löydät hyödyllisiä vinkkejä maaperän valmistelusta, sadonkorjuusta ja varastoinnista, sekä paljon muuta. Tämä tieto tekee sekä aloittelijoille että kokeneille puutarhureille helpoksi hyödyntää keittiöpuutarhansa potentiaalia parhaalla mahdollisella tavalla.</p>
<p>Panostamme erityisesti asiakkaidemme terveyteen ja ympäristön hyvinvointiin. Siksi siemenemme ovat kemikaalivapaita ja koostuvat yksinomaan Iso-Britanniassa rekisteröidyistä lajikkeista sekä geneettisesti muuntelemattomista (Non-GMO) siemenistä. Voit siis luottaa siihen, että saat korkealaatuisia, terveellisiä ja turvallisia siemeniä.</p>"
gid://shopify/Collection/657057055044,hyonteisten-frass-lannoite,Hyönteisten Frass-lannoite,"<p>Frassor hyönteisten jätelannoite on orgaaninen lannoite kaikille kasveille – nurmikolle, vihannespuutarhaan, koristepuutarhaan ja ammattilaisviljelyyn. Frassor-lannoiterakeet valmistetaan 100 % puhtaasta hyönteisten jätöksistä, jotka ovat peräisin mustasotilaskärpäsen toukista. Tämä hollantilainen laatutuote kuivataan ja hygienisoidaan kuumentamalla, ja sen jälkeen se puristetaan ainutlaatuisiksi rakeiksi.<br><h2>Välttämättömien ravinteiden lähde</h2><br>Nämä Frassor-lannoiterakeet sisältävät NPK-suhteen 3-3-3 ja korkean kitiinipitoisuuden. Lisäksi tuote on rikas mineraaleista, hivenaineista ja orgaanisesta aineksesta. Tämä yleislannoite sisältää kaikki nurmikon ja kasvien tarvitsemat ravinteet. Koska tuote on 100 % orgaaninen, ravinteet vapautuvat hallitusti eivätkä huuhtoudu pois. Frassor-lannoituksella parannetaan sadon määrää ja kasvun, kukinnan sekä kasvien ja maaperän kestävyyttä.<br><h2>Hyönteisten jäte</h2><br>Frass on kasvinsyöjähyönteisten ulosteita. Tämän tuotteen Frassor-hyönteisten jätelannoite on peräisin mustasotilaskärpäsen toukista. Hyönteisiä ruokitaan vähäarvoisilla kasvipohjaisilla jäännöksillä, jotka muuttuvat korkealaatuisiksi proteiineiksi ja rasvoiksi. Frassor rikastaa ja käsittelee jätteen korkealaatuisiksi luonnonlannoitteiksi.<br><h2>Ravinteita maaperän eliöstölle</h2><br>Terve maaperän elämä alkaa hyönteisistä. Nämä tehokkaat olennot ylläpitävät ekologista tasapainoa luonnossa. Hyönteisten jäännökset, kuten ulosteet ja nahkanvaihtojäännökset, ovat täynnä kitiiniä ja toimivat Frassor-lannoitteen raaka-aineena. Tämä orgaaninen lannoite varmistaa, että maaperän vesi ja ravinteet säilyvät ja ovat käytettävissä pidempään. Tuloksena on terveempi maaperä, jossa ravinteita riittää myös kuivina kausina. Kitiini toimii ravintona hyödyllisille maaperän mikro-organismeille ja tukee kasvien ja maaperän vastustuskykyä.<br><h2>Kitiini – stimuloi antagonista toimintaa, mikä parantaa kasvien ja maaperän kestävyyttä</h2><br>Frassor on runsaasti kitiiniä sisältävä lannoite. Kitiini toimii superruokana mikro-organismeille, jotka hajottavat sen. Tämän prosessin aikana vapautuu entsyymejä (kitiinaaseja), jotka aktivoivat kasvin luontaiset puolustusmekanismit. Tämän seurauksena viljelykasvi muuttuu vähemmän houkuttelevaksi taudeille ja tuholaisille. Ei ole ihme, että Frassor on menestyksekkäästi käytössä puutarhaviljelyssä.<br><h2>Paras valinta ympäristölle</h2><br>Frassor-lannoitteella on kaikista lannoitteista alhaisin hiilijalanjälki! Keinotekoisten lannoitteiden tuotanto kuluttaa paljon energiaa, mikä johtaa merkittäviin CO2-päästöihin. Lisäksi keinolannoitteet vaikuttavat haitallisesti maaperän elämään ja huuhtoutuvat nopeasti. Verrattuna muihin orgaanisiin lannoitteisiin, kuten lehmän-, kanan- ja sianlantaan, Frassor-hyönteisten jätelannoitteella on huomattavasti pienempi hiilijalanjälki. Se on myös parempi muissa ympäristön kannalta merkittävissä tekijöissä, kuten maan käytössä ja veden kulutuksessa.</p>"
gid://shopify/Collection/657057087812,tyokalut,Työkalut,"<p>Ammattimaiset paineruiskut, sumuttimet ja levittimet lannoitteiden, kasvien tehosteiden ja maanparannusaineiden nopeaan, tehokkaaseen ja tarkkaan levitykseen.</p>"
gid://shopify/Collection/657057186116,matolannoite-vermikomposti,Matolannoite Vermikomposti,"<p>Vermikomposti, joka tunnetaan myös madonlannan nimellä, on tehokas ja luonnollinen maaperän parannusaine, joka rikastaa maata välttämättömillä mikro-organismeilla, kuten bakteereilla ja sienillä. Nämä mikro-organismit auttavat hajottamaan orgaanista ainesta ja stimuloivat kasvien kasvua. Lisäksi madonlannan ainutlaatuinen koostumus varmistaa ravinteiden optimaalisen imeytymisen kasveihin, tehden niistä vahvempia ja terveempiä. Madonlannan parantama maaperän rakenne mahdollistaa kasvien juurien kasvun syvemmälle ja leveämmälle, mikä johtaa veden ja ravinteiden parempaan imeytymiseen. Vermikomposti on myös entsyymirikasta, sisältäen noin 2 miljardia entsyymiä per gramma, mikä parantaa edelleen ravinteiden imeytymistä kasveihin. Lisäksi se edistää kasvien luonnollista vastustuskykyä tauteja ja sieniä vastaan. Madonlannan käyttö nopeuttaa siementen itämistä, tekee istutuksesta sujuvampaa ja nopeuttaa sadonkorjuuta. Lyhyesti sanottuna, madonlanta on olennainen maaperän parannusaine kaikille, jotka pyrkivät terveelliseen, elinvoimaiseen ja kestävään puutarhaan.</p>"
gid://shopify/Collection/657057251652,nurmikon-pintakasittelyseos,Nurmikon pintakäsittelyseos,"<p>Tämä nurmikon pintakäsittelyseos, joka sisältää eläviä sieniä ja bakteereja (mukaan lukien mykorritsasienet ja Bacillus-lajit), stimuloi ja aktivoi maaperän elämää. Lopullinen pintakäsittely perustuu matokompostin ja kuivatun lehmänlannan seokseen, joka on rikastettu mineraaleilla ja hivenaineilla laavakivijauheesta.</p>
<p>Hedelmällinen maa on elävää! Organifer ravitsee maaperää ja stimuloi positiivista maaperän elämää. Tämä nurmikon pintakäsittelyseos palauttaa maaperän tasapainon ja ehkäisee ongelmia. Maaperän elämä auttaa ravinteiden varastoinnissa, jolloin ne ovat saatavilla silloin, kun ruoho niitä tarvitsee. Aktivoimalla ja lisäämällä aktiivista maaperän elämää ravitaan paitsi ruohoa myös maaperää.</p>
<p>Ruoho elää symbioosissa sienten ja bakteerien kanssa Tämä nurmikon pintakäsittelyseos tuo mukanaan ja aktivoi muun muassa eläviä Mykorritsasieniä ja Rhizobakteereja. Positiivinen maaperän elämä, kuten madot ja sienet, muodostaa tunneleita maaperään, mahdollistaen ilman, orgaanisen aineksen ja ravinteiden jakautumisen maaperään. Kuollut kasvimateriaali muuttuu kompostoijien avulla ravinteikkaaksi raaka-aineeksi. Tämä nurmikon pintakäsittelyseos on menestyksekkäästi käytössä terveellisen maaperän elämän stimuloimiseksi. Erityisesti kasvien juurialueella, niin sanotussa juuristovyöhykkeessä, elää miljoonia sieniä ja bakteereja, jotka vaihtavat ravinteita keskenään ja kasvien kanssa, parantaen toistensa elinoloja.</p>
<p>Positiivinen mikroelämä palvelee kasvia, joka puolestaan tarjoaa sokereita. Terveessä maaperän elämässä on tuhansia eri bakteereja, sieniä ja entsyymejä, jotka toimivat tietyllä tavalla yhteistyössä yhteiseksi hyödyksi. Tietyt bakteerit neutralisoivat vaarallisia aineita, kuten raskasmetalleja. Lisätty Azotobacter-bakteeri ottaa typpeä ilmasta ja vaihtaa sen sokereihin kasvin kanssa. Toiset mikro-organismit hajottavat kuollutta kasvimateriaalia ja muuttavat sen ravinteiksi, joita kasvit voivat hyödyntää. Osa hyökkää taudinaiheuttajia vastaan, kun taas tärkeät sienet auttavat keräämään ravinteita syvemmältä maaperästä. Lisätty Bacillus-bakteeri edistää juurten kasvua ja lisää vastustuskykyä taudinaiheuttajia vastaan. Lyhyesti sanottuna, maa elää! Terve ekosysteemi on ratkaisevan tärkeä. Nurmikon pintakäsittelyseos tasapainottaa maaperän, tukee positiivista maaperän elämää ja lisää kasvien ja maaperän vastustuskykyä. Terveessä maaperässä kasvaa terveitä kasveja, jolloin taudeille ja tuholaisille ei jää tilaa.</p>
<p>Laavakivijauhe on rikas välttämättömistä mineraaleista ja hivenaineista. Monista maaperistä puuttuu mineraaleja ja hivenaineita, mikä estää maaperän ja kasvien prosessien optimaalisen toiminnan. Tämä nurmikon pintakäsittelyseos on rikastettu korkealaatuisella Organifer-laavakivijauheella, joka täydentää välttämättömiä mineraaleja ja hivenaineita, tehden maasta luonnostaan hedelmällisemmän.</p>
<p>Matokomposti Organiferin matokomposti on yksi parhaista maaperän parannusaineista. Se on luonnollinen parannusaine, joka perustuu kompostoituihin kasvinjätteisiin ja tarjoaa maaperälle optimaalisen tasapainon, jotta kasvit voivat kasvaa ja kukoistaa. Matokomposti sisältää kaiken, mitä kasvi todella tarvitsee: erittäin korkean orgaanisen ainepitoisuuden (humus) sekä runsaasti hivenaineita, entsyymejä, mineraaleja, bakteereja ja sieniä. Humuspitoisessa maaperässä ravinteet säilyvät paremmin. Yhdessä matokompostin kanssa bakteerit ja sienet voivat kukoistaa ja maaperän rakenne paranee huomattavasti.</p>
<p>Ravintoa terveelle ja elinvoimaiselle nurmikolle Kuivatun lehmänlannan lisääminen parantaa paitsi maaperää, myös tarjoaa välittömästi ravinteita. Tämä orgaaninen lannoite vaikuttaa pitkäkestoisesti. Lannoite ravitsee maaperää ja varmistaa rikkaan, terveen maaperän. Tämä edistää tasapainoista kasvua ja antaa nurmikolle hyvän rakenteen. Orgaaninen lannoite on energialähde bakteereille ja se muuttuu humukseksi. Humus parantaa maaperän rakennetta ja tukee luonnollisia prosesseja. Nurmikon pintakäsittelyseos varmistaa aktiivisen maaperän elämän ja optimaalisen maaperärakenteen, mikä johtaa terveeseen ja elinvoimaiseen nurmikkoon.</p>"
gid://shopify/Collection/657057284420,mikroapila,Mikroapila,"<p>Sertifioitu markkinoiden parhaaksi apilaksi, Organifer Microclover on kestävä, pienilehtinen valkoapilan lajike, joka voidaan vaivattomasti yhdistää nurmikonsiemenseoksiin saumattoman ja esteettisesti arvokkaan nurmikon luomiseksi. Tämä poikkeuksellinen kasvi rikastuttaa maaperää luonnollisesti sitomalla ilmasta typpeä, vähentäen lannoitteen tarvetta ja tarjoten vehreän, vihreän nurmikon ympäri vuoden, jopa kuivina kausina. Organifer Microclover on ihanteellinen ympäristöystävälliseen maisemointiin, tarjoten pitkäkestoista kestävyyttä, parantaen maaperän terveyttä ja varmistaen vähäisen ylläpidon terveelle ja elinvoimaiselle nurmikolle.</p>"
gid://shopify/Collection/657057317188,yucca-kostutusaine,Yucca-kostutusaine,"<p>Yucca-kostutusaine optimoi maaperän kosteustasapainon ja parantaa kasvien kasvuolosuhteita, jopa kuivissa ja haastavissa ympäristöissä. Yucca schidigera (Espanjan tikari) sisältää luonnollisia kostutusaineita, jotka auttavat kasveja säilyttämään kosteuden ja suojaamaan niitä stressiltä korkean steroidisten saponiinien (vähintään 10 %) pitoisuuden ansiosta. Tämä tekee siitä ihanteellisen alueille, joilla veden saatavuus on rajallinen, parantaen maaperän kosteudenpidätyskykyä ja edistäen terveempiä ja tuottavampia kasveja. Yucca-kostutusaine tehostaa hyödyllisten maaperän bakteerien kasvua, jotka hajottavat orgaanista materiaalia ja vapauttavat ravinteita kasveille. Se lisää kasvinsuojeluaineiden ja lannoitteiden tehokkuutta paremman imeytymisen ansiosta, vähentäen näiden tuotteiden tarvetta. Saponiinit alentavat veden pintajännitystä, mikä varmistaa paremman kosteudensäätelyn, juurtumisen ja lehtipeitteen, mikä johtaa vahvempiin juuriin ja terveempiin kasveihin. Yucca-kostutusaine soveltuu golfkentille, urheilukentille, nurmikoille, reunoille, koristepuutarhoihin, maatalouteen ja vihannespuutarhoihin. Tuote on täysin luonnollinen, turvallinen kasveille, eläimille ja ihmisille, ja sitä voidaan käyttää ympäri vuoden. Valitse Organiferin Yucca-kostutusaine optimaalisten tulosten saavuttamiseksi, jopa kuivempina kausina.</p>"
gid://shopify/Collection/657057349956,ammattimainen-nurmikko-ja-turvelannoite,Ammattimainen nurmikko- ja turvelannoite,"<p>Pro Turf &amp; Lawn Fertilizer on erityisesti suunniteltu suurille ja vaativille nurmikoille, urheilukentille ja golfkentille. Tämä mineraalilannoite 20+5+8 (+4+9) tarjoaa pitkäkestoisen ja tehokkaan ravinnon typen asteittaisen vapautumisen ansiosta. Tämä ehkäisee äkillisiä kasvupyrähdyksiä ja vähentää vedenhukkaa ja huovittumista. Se sisältää ammoniumtyppeä, magnesiumia ja rautaa, jotka edistävät voimakasta vihreää väriä ja ehkäisevät sammaleen muodostumista. Tuote on pölytön, hienorakeinen (1-3 mm) granulaatti, joka liukenee vähäisellä sademäärällä ja voidaan levittää käsin tai koneellisella levittimellä.</p>"
gid://shopify/Collection/657057382724,maanpeitekasvit,Maanpeitekasvit,"<p>Monipuoliset vihreän lannoitteen seoksemme on suunniteltu tukemaan maaperän elämää ja lisäämään hyödyllisten mikro-organismien määrää. Näiden seosten monipuolinen kasvisukuvalikoima auttaa tukahduttamaan rikkakasvien kasvua, vähentämään maaperän sairauksia ja edistämään terveellistä maaperärakennetta. Ihanteellisia peitekasveina, ne parantavat orgaanisen aineksen määrää, optimoivat veden imeytymistä ja suojaavat maaperää eroosiolta. Edistämällä biologista monimuotoisuutta ne tukevat monipuolista ekosysteemiä ja parantavat maaperän hedelmällisyyttä, mikä johtaa suurempiin ja kestävämpiin satoihin. Sopii käytettäväksi kaikilla maaperätyypeillä.</p>"
gid://shopify/Collection/657057415492,kukkasipulit,Kukkasipulit,"<p>Kukkasipulit kasvatetaan ja valitaan huolellisesti Alankomaissa, jotta taataan korkein laatu. Näitä sipuleita, joita käytetään myös arvostetuissa puutarhoissa, kuten 'de Keukenhofissa', pidetään markkinoiden suurimpina ja vahvimpina. Elinvoimaiset tulppaaninsipulit, elegantit narsissinsipulit, näyttävät Muscari Armeniacum -sipulit ja erityiset Allium Purple Sensation -sipulit takaavat rikkaan ja pitkäkestoisen kukinnan puutarhassa. Krookuksen sipulit tarjoavat varhaisen ja värikkään kevätkukinnan. Näiden laadukkaiden sipulien avulla puutarha muuttuu värikkääksi ja kukkivaksi paratiisiksi joka kausi.</p>"
gid://shopify/Collection/657057481028,rehu,Rehu,"<p>Huolehdi puutarhasi linnuista, oravista ja siileistä valikoiduilla rehuillamme. Linnuille tarkoitettu siemensekoituksemme tarjoaa ylimääräistä ravintoa ja ehkäisee ei-toivotun siementen itämisen puutarhassasi erityisen non-grow-koostumuksensa ansiosta. Oraville tarjoamme ravitsevaa ja energiaa sisältävää rehua, ja siileille tasapainoista ravintoa, joka on suunniteltu juuri niiden tarpeisiin.</p>
<p>Kaikki tuotteemme ovat 100 % ympäristöystävällisiä ja vapaita haitallisista lisäaineista. Näin voit helposti ja vastuullisesti tukea puutarhasi eläimiä, edistäen elinvoimaa ja tasapainoa puutarhassasi.</p>"
gid://shopify/Collection/657057612100,siemenperuna-sipuli-ja-salottisipuli-sarjat,"Siemenperuna-, sipuli- ja salottisipuli sarjat","<p>Tervetuloa ammattimaisten siemenperunoiden ja istutusmateriaalien valikoimaamme. Oikea lähtöaine on välttämätöntä hyvän viljelyn ja optimaalisen sadon kannalta. Siemenperunamme ja kasvisipulimme on kehitetty erityisesti ammattimaiseen viljelyyn ja täyttävät korkeimmat laatuvaatimukset. Tarjoamme näitä myös pienemmissä pakkauksissa, jolloin paras lähtöaine on pienempien viljelijöiden saatavilla.</p>
<p>&nbsp;</p>
<p>Kaikki siemenperunamme, mukaan lukien suositut lajikkeet, kuten Bintje, Frieslander ja Annabelle, sekä istutusmateriaalimme ovat NAK-sertifioituja Alankomaissa. Tämä takaa, että voit luottaa korkeimpaan laatuun satosi. Tutustu erilaisiin lajikkeihimme, jotka ovat sopeutuneet erilaisiin ilmasto- ja maaperätyyppeihin.</p>
<p>&nbsp;</p>
<p>Luomupuutarhurille meillä on laaja valikoima luomuperunoita, joista jokaisella on SKAL-sertifikaatti. Tämä valikoima tarjoaa kaikkea luomusiemenperunoista luomukasvisalottisipuleihin, jotka sopivat täydellisesti kestävään viljelyyn.</p>"
gid://shopify/Collection/657057644868,siemenia,Siemeniä,"<p>Organifer-siementuotteet koostuvat lajikkeista, jotka on varustettu NAK-sertifikaatilla (Hollannin yleinen maataloussiementen ja siemenperunoiden tarkastuspalvelu). Tämä takaa seoksen koostumuksen ja laadun varmuuden sekä takuun. Tämä laatumerkki on hollantilaisten jalostajien aloitteesta. Maksimaalisen itämistuloksen saavuttamiseksi Organifer asettaa korkeat vaatimukset itävyydelle ja erityisesti puhtauden laadulle. Takaamme parhaan lähtömateriaalin täydellistä lopputulosta varten.</p>
<p>Tässä on joitakin tuotteitamme:</p>
<p>-Regeneratiiviset nurmikonsiemenet<br>-Leikkinurmikonsiemenet<br>-Koristenurmikonsiemenet<br>-Varjonurmikonsiemenet<br>-Laidunruohonsiemenet<br>-Kukkasekoitukset<br>-Vihannessiemenet</p>
<p>Jokainen Organiferin siemenpussi on huolella valittu sen laadun ja luotettavuuden perusteella. Etsitpä sitten kaunistusta nurmikollesi tai aloitat vihannespuutarhan, valikoimamme tarjoaa monipuolisia vaihtoehtoja jokaiselle puutarhurille. Koska siemenet ovat NAK-sertifioituja, voit luottaa jokaiseen siemeneen puhtauden ja itävyyden suhteen. Aloita puutarhanhoitomatkasi Organiferin siemenillä ja näe, kuinka kasvustosi kukoistaa ja sadosi menestyy.</p>"
gid://shopify/Collection/657058136388,nurmikon-lannoite,Nurmikon lannoite,"<p>Ammattimaiset nurmikon lannoitteet on kehitetty luomaan ja ylläpitämään syvän vihreää, tervettä nurmikkoa ilman sammalta ja rikkaruohoja.</p>
<p>Nurmikon lannoite All-In-One on korkealaatuinen orgaanis-mineraalilannoite, joka soveltuu kaikenlaisen ruohon ja maaperän lannoittamiseen. Lisätyn magnesiumin ansiosta jokainen nurmikko saa elinvoimaisen vihreän sävyn. Sopii sekä uuden nurmikon perustamiseen että ylläpitolannoitukseen. Nopeasti vaikuttavien ja hitaasti vapautuvien komponenttien ainutlaatuinen yhdistelmä mahdollistaa nopean kasvun alun ja tarjoaa täydellisen ravinnon 100 päivän ajaksi. Nurmikon lannoite All-In-One stimuloi positiivisesti maaperän elämää ja lisää maaperän luonnollista hedelmällisyyttä jokaisen levityksen myötä. Tuloksena on terve, tiheä nurmikko, jossa ei ole tilaa sammaleelle tai rikkaruohoille.</p>
<p>Rautasulfaattipohjainen lannoite on todellinen sammaleenpoistaja ja luo tiheän, vehreän nurmikon ilman sammalta. Rautasulfaatti on ratkaisevassa roolissa kasvien, kuten ruohon, yhteyttämisessä. Lannoite varmistaa, että kasvit imevät tehokkaasti auringonvaloa, mikä lisää niiden kestävyyttä ja ehkäisee helposti lehtitauteja.</p>
<p>Nurmikon kunnostus on täydellinen sekoitus, jolla heikosta ja harvasta nurmikosta saadaan täyteläinen, vahva ja vihreä. Ammattimainen sekoitus nurmikon korjaamiseen ja uudistamiseen takaa terveen ja tiheän vihreän nurmikon kuukauden kuluessa nurmikon ilmastoinnin jälkeen. Tulokset ja helppous saavutetaan yhdistämällä korkealaatuiset ruohonsiemenet, lannoitteet ja maaperän parannusaineet. Kaikki on sekoitettu optimaalisessa suhteessa tukevassa pussissa, mikä takaa onnistumisen kerralla. Ei ole ihme, että Organifer Nurmikon kunnostus on ollut puutarhureiden ja vaativien kuluttajien suosiossa jo vuosia. Se ehkäisee rikkaruohoja, sammalta ja paljaita kohtia; valitsemalla Organifer Nurmikon kunnostuksen valitset terveen, tiheän ja tummanvihreän nurmikon.</p>
<p>Syksyn lannoite All-in-One on erittäin kaliumipitoinen ja tarjoaa lisäsuojaa talven kylmyyttä vastaan nurmikolle, ruoholle ja kasveille. Lannoite lisää vastustuskykyä pakkasen suorille vaikutuksille. Syyslannoitteen tehokkuutta aliarvioidaan usein. Varmistamalla, että ruoho menee talveen vahvana ja karaistuneena, ehkäistään kevään ongelmia.</p>"
gid://shopify/Collection/657058169156,sarvilastujen-lannoite,Sarvilastujen lannoite,"<p>Sarvilastulannoite – Luonnollinen Typenlähde Pitkäkestoiseen Kasvustoon</p>
<p>Sarvilannoitteet, kuten sarvilastut ja sarvijauho, ovat 100 % luonnollisia typenlähteitä – ihanteellisia viljelijöille, jotka arvostavat luomua ja kestävää puutarhalannoitusta. Nämä orgaaniset lannoitteet valmistetaan jauhetusta sarvesta, joka on eläinperäinen sivutuote ja sisältää runsaasti typpeä (noin 14 % N). Typpi on täysin orgaanisesti sitoutunutta ja vapautuu hitaasti, mikä tarkoittaa, että ravinteet imeytyvät maaperään vähitellen 6–12 viikon aikana. Tämä edistää tasaista kasvua ilman polttoriskiä tai huuhtoutumista.</p>
<p>Sarvilannoite sopii erityisesti typpeä suosiville kasveille, kuten kaaleille, purjoille, perunoille, sellerille, hedelmäpuille ja marjakasveille, mutta se toimii erinomaisesti myös koristekasveille, nurmikolle, kukkapenkkeihin ja kompostin tehostamiseen. Karkea tai hienojakoinen rakenne (lastuina tai jauheena) aktivoi maaperän pieneliöstöä, tukee humuksen muodostumista ja parantaa maan keveyttä ja rakennetta.</p>
<p>Hitaan vapautumisensa ansiosta sarvilannoite toimii erinomaisena peruslannoitteena luomuviljelyssä ja uudistavissa viljelyjärjestelmissä.</p>
<p>Lannoitteet ovat hajuttomia, turvallisia käyttää ja täysin vapaita keinotekoisista lannoitteista, synteettisistä lisäaineista tai kompostijäämistä, joten ne sopivat sekä ammattiviljelijöille että vaativille harrastepuutarhureille. Valitse sarvilannoite kestäväksi ratkaisuksi pitkäkestoiseen typen saantiin ja aktiiviseen maaperän parantamiseen.</p>"
gid://shopify/Collection/657058201924,pensasaidat-marjakuuset-ja-havupuut,"Pensasaidat, marjakuuset ja havupuut","<p>Organiferin All-in-One -lannoite pensasaidoille, marjakuusille ja havupuille on erityisesti kehitetty pitämään ikivihreät kasvisi terveinä, tuuheina ja elinvoimaisina. Tasapainoinen koostumus, jossa on NPK 5+4+6 ja magnesiumia (+4), edistää vahvaa versojen kehitystä, syvää juurten kasvua sekä lehtien ja neulasten intensiivisen vihreää väriä.</p>
<p>Lannoite vaikuttaa sekä nopeasti että pitkäkestoisesti, sillä se sisältää sekä välittömästi käyttökelpoisia että vähitellen vapautuvia ravinteita. Korkea orgaanisen aineksen pitoisuus parantaa lisäksi maaperän pieneliötoimintaa ja edistää maan rakennetta. Ihanteellinen sekä uusille istutuksille että olemassa olevan kasvuston hoitoon. Terveille, tiiviille ja kestäville pensasaidoille ja havupuille vuodesta toiseen.</p>"
gid://shopify/Collection/657058234692,lampaanvillan-lannoite,Lampaanvillan lannoite,"<p>Lampaanvillapelletit – Luonnonmukainen Lannoite</p>
<p>Lampaanvillasta valmistettu orgaaninen pellettilannoite on 100 % luonnollinen lannoite, joka on tehty puhtaasta, vastakeritystä lampaanvillasta. Poikkeuksellisen korkean typen (10,5 %) ja luonnollisen, 8–10 kuukautta kestävän hitaan vapautumisen ansiosta tämä lannoite sopii erityisen hyvin voimakaskasvuisille kasveille, kuten kaaleille, salaatille, purjolle, tomaateille, perunoille, hedelmäpuille ja kukkiville koristekasveille.</p>
<p>Pelletti rikastuttaa maaperää orgaanisesti sitoutuneella typellä, kaliumilla, rikillä ja magnesiumilla, ja edistää aktiivisesti humuksen muodostumista, maaperän ilmavuutta ja tervettä maaperäelämää. Kuitumaisen rakenteensa ansiosta pelletit imevät jopa kolminkertaisesti oman painonsa verran vettä, mikä takaa tasaisen kosteuden säilymisen ja suojaa kuivuutta vastaan.</p>
<p>Täysin vapaa kemiallisista lannoitteista, kompostijäämistä, torjunta-aineista ja synteettisistä lisäaineista. Soveltuu luomuviljelyyn (EU:n luomusäädösten mukainen ja FiBL-rekisteröity). Täydellinen vihannespuutarhoihin, koristepuutarhoihin, hedelmätarhoihin, ammattiviljelyyn ja ruukkukasveille.</p>"
gid://shopify/Collection/657058267460,ruusut-ja-kukat,Ruusut ja kukat,"<p>All-In-One-lannoite ruusuille ja kukkiville kasveille on erityisesti kehitetty edistämään voimakasta kasvua ja runsasta kukintaa. Tasapainoinen NPK-koostumus 9+4+8, johon on lisätty magnesiumia (+2), tukee kasvun kaikkia vaiheita – vahvoista versoista voimakkaasti värittyneisiin kukkiin.</p>
<p>Nopeavaikutteisten ja pitkävaikutteisten ravinteiden ansiosta kasvit saavat jatkuvasti tarvitsemansa ravinteet. Lisätty eloperäinen aines parantaa maan rakennetta ja tehostaa veden sekä ravinteiden imeytymistä. Ihanteellinen kukkapenkkeihin, koristepuutarhoihin, reunuksiin ja ruukkukasveille – vahvoille kasveille, runsaalle kukinnalle ja näyttävälle lopputulokselle.</p>"
gid://shopify/Collection/657058300228,kompostin-kiihdytin,Kompostin kiihdytin,"<p>Organifer Kompostin kiihdytin on ihanteellinen ratkaisu kaikille, jotka haluavat valmistaa kompostia nopeammin lehdistä, puutarhajätteestä ja keittiön biojätteestä. Tehokkaan orgaanisten aineiden, magnesiumin ja guanon yhdistelmän ansiosta mikro-organismit aktivoituvat, mikä nopeuttaa ja tehostaa kompostointiprosessia.</p>
<p>Tämä biologisesti aktiivinen kompostin kiihdytin edistää humuksen muodostumista, tasapainottaa pH-arvoa ja vahvistaa maaperän pieneliötoimintaa. Myös paksut lehdet ja vaikeasti hajoavat materiaalit muuttuvat arvokkaaksi, hajuttomaksi ja ravinnerikkaaksi kompostiksi. Sopii kompostikasoihin, lehtikompostiin sekä suoraan puutarhaan käytettäväksi terveemmän maaperän ja vahvempien kasvien tueksi.</p>"
gid://shopify/Collection/657058332996,hedelmat-vihannekset-ja-yrtit,"Hedelmät, vihannekset ja yrtit","<p>Kaikki-yhdessä-lannoite – Ammattiviljelyyn ja Kotipuutarhaan<br>Tämä all-in-one-lannoite on ihanteellinen ratkaisu sekä ammattimaiseen viljelyyn että harrastepuutarhureille. Soveltuu laajasti erilaisille kasveille, kuten vihanneksille, hedelmille, tomaateille ja yrteille. Tasapainoinen koostumus tarjoaa kasveille kaikki olennaiset ravinteet, joita tarvitaan optimaaliseen kasvuun – tuloksena vahvemmat kasvit, runsaampi sato ja voimakkaampi maku.</p>
<p>Huolellisesti kehitetyn orgaanisten ja mineraalisten ainesosien yhdistelmän ansiosta lannoite tarjoaa tehokkaan, luonnollisen ravinteiden lähteen, joka parantaa maaperän laatua ja tukee puutarhan luonnollista tasapainoa. Tämä luo terveen, elävän maaperän, joka on täydellinen vahvojen ja tuottavien kasvien kasvattamiseen.</p>
<p>Lannoite tukee kasveja kaikissa kasvun vaiheissa – juuriston kehityksestä kukintaan ja hedelmien muodostumiseen. Se edistää tasaista kasvua, runsasta kukintaa ja tukee satoa tuottavien elinten kehittymistä.</p>
<p>Tuloksena on runsaampi sato vihanneksia, hedelmiä ja yrttejä, jotka eivät ainoastaan tuota enemmän, vaan myös maistuvat paremmalta. Terveet kasvit kestävät paremmin sairauksia sekä stressitekijöitä, kuten kuivuutta tai äärimmäisiä sääoloja, mikä takaa pidemmän säilyvyyden ja maukkaamman lopputuloksen.</p>"
gid://shopify/Collection/657058398532,rhododendron-hortensia-atsalea,"Rhododendron, Hortensia, Atsalea","<p>Tämä All-in-One-lannoite on huolellisesti kehitetty happamaa maata rakastaville kasveille, kuten rhododendroneille, hortensioille, atsaleoille, kamelioille ja kanerville. Tasapainoinen NPK 8+4+5(+2) -koostumus ja lisätty magnesium tukevat vahvaa juuriston kehitystä, tervettä lehdistöä sekä pitkää ja runsasta kukintaa.</p>
<p>Nopeavaikutteisten ja hitaasti vapautuvien ravinteiden yhdistelmä tarjoaa kasveille optimaalista tukea koko kasvukauden ajan. Lisätty orgaaninen aines rikastaa maaperää, parantaa vedenpidätyskykyä ja vakauttaa happaman maan pH-arvoa.</p>
<p>Ihanteellinen käytettäväksi kukkapenkeissä, ruukuissa ja säiliöissä, varmistaen terveet, kestävät kasvit, joiden värit ovat kirkkaat ja kasvu elinvoimainen.</p>"
gid://shopify/Collection/657058431300,patentkali-kalium-magnesium-fi,Patentkali Kalium Magnesium,"<p>Patentkali Kalimagnesia on korkealaatuinen kalium-magnesialannoite, jossa on alhainen klooripitoisuus ja joka on kehitetty erityisesti klooriherkille viljelykasveille. Kaliumin, magnesiumin ja rikin nopean saatavuuden ansiosta tämä lannoite tukee parempaa juurten kehitystä, lisää kuivankestävyyttä ja tehostaa sokerin varastointia. Sopii vihanneksille, hedelmille, perunoille ja erikoiskasveille. Edistää talvenkestävyyttä, vahvistaa solurakenteita ja soveltuu erinomaisesti intensiivisiin viljelyjärjestelmiin.</p>"
gid://shopify/Collection/657058464068,biohiili-kasvipohjainen-puuhiili,Biohiili – Kasvipohjainen Puuhiili,"<p>Organifer Biohiili on korkealaatuinen, orgaaninen maanparannusaine, valmistettu 100 % kaakaonkuorista kestävällä pyrolyysimenetelmällä. Tämä kaakaoteollisuuden sivutuote hyödynnetään kiertotalouden mukaisesti, mikä vähentää jätettä ja tukee kestävämpää maataloutta.</p>
<p>Avoimen, huokoisen rakenteensa ansiosta biohiili tarjoaa laajan pinta-alan veden ja ravinteiden varastoitumiseen, mikä vakauttaa maaperän olosuhteita ja vahvistaa kasvien kasvua – jopa kuivuuden aikana.</p>
<p>Biohiili parantaa maaperän hedelmällisyyttä sitomalla ravinteita, lisää vedenpidätyskykyä ja tekee maasta kestävämmän ääriolosuhteita vastaan. Se myös tasapainottaa pH-arvoja ja tukee tervettä maaperäelämää.</p>
<p>Luonnollisen koostumuksensa ansiosta – ilman keinotekoisia lannoitteita tai lisäaineita – Organifer Biohiili on turvallinen valinta sekä kotipuutarhaan että ammattimaiseen viljelyyn.</p>"
gid://shopify/Collection/657058496836,ammoniumsulfaattilannoite,Ammoniumsulfaattilannoite,"<p>Ammoniumsulfaattilannoite on tehokas mineraalilannoite, joka sisältää 21 % ammoniumtyppeä ja 60 % rikkiä. Nopea vaikutus edistää välittömästi lehtien kasvua, proteiinien muodostumista ja kasvien elinvoimaa.</p>
<p>Luontaisen happamoittavan vaikutuksensa ansiosta se alentaa kalkkipitoisten maaperien pH-arvoa, parantaen hivenaineiden – kuten raudan, mangaanin ja sinkin – saatavuutta.</p>
<p>Ihanteellinen typpeä ja rikkiä runsaasti tarvitseville kasveille, kuten perunalle, kaalille, sipulille, purjolle, mansikalle ja viinille.</p>
<p>Hienojakoinen ja helposti levitettävä rakenne tekee tästä lannoitteesta vaivattoman käyttää niin harrastepuutarhureille kuin ammattiviljelijöillekin.</p>"
gid://shopify/Collection/657058627908,kuivuutta-kestava-ruohonsiemen,Kuivuutta kestävä ruohonsiemen,"<p>Kuivuudenkestävä nurmikon siemenseos takaa vahvan ja kestävän nurmikon, joka pysyy vihreänä ja terveenä myös kuumina kesinä ja pitkien kuivien jaksojen aikana. Syväjuuristen nurmikasvilajikkeiden ansiosta nurmikko pystyy hyödyntämään vettä ja ravinteita syvemmistä maakerroksista, jolloin se on vähemmän riippuvainen kastelusta. Tuloksena on helppohoitoinen nurmikko, joka palautuu nopeasti käytön jälkeen ja kestää kovaa kulutusta.</p>
<p>Tämän hellettä ja kuivuutta sietävän siemenseoksen avulla luot kestävän nurmikon, joka pysyy tiheänä, vahvana ja värinsä säilyttävänä vuodesta toiseen. Ihanteellinen kotipihoihin, leikkialueille ja urheilukentille, joissa tarvitaan suorituskykyä ja syvänvihreää ulkonäköä myös ääriolosuhteissa.</p>"
gid://shopify/Collection/657058660676,paddock-ruohon-siemenet,Paddock-ruohon siemenet,"<p>Paddock-nurmikon siemenseos on kehitetty erityisesti kestäviä ja vahvoja hevoshakoja varten. Nopea itävyys muodostaa tiheän ja kimmoisan nurmikon, joka kestää intensiivistä laiduntamista, laukkaa ja kavioiden kulutusta. Matalien kasvupisteiden ansiosta nurmikko palautuu nopeasti, eikä paljaille paikoille tai rikkaruohoille jää tilaa.</p>
<p>Tämä maittava siemenseos tuottaa ravinteikasta ja terveellistä nurmikkoa, joka sopii erinomaisesti päivittäiseen laiduntamiseen ja on turvallinen hevosille. Paddock-nurmikon siemenseoksella luot vahvan ja vihreän laitumen, joka takaa tasaisen rehunsaannin ja tukee hevostesi terveyttä sekä hyvinvointia.</p>"
gid://shopify/Collection/657058693444,heina-ja-sailorehun-siemenseos,Heinä- ja säilörehun siemenseos,"<p>Organifer Hay on korkealaatuinen siemenseos, joka on kehitetty erityisesti niittoon sekä heinän ja säilörehun tuotantoon. Seos tuottaa jopa 30 % enemmän satoa hehtaarilta verrattuna tavallisiin heinäseoksiin ja muodostaa kestävän nurmipinnan, joka pysyy tuottavana vuosien ajan.</p>
<p>Tasapainoisen koostumuksensa – sisältäen muun muassa timoteita, nurminataa ja nurmipuntarpäätä – ansiosta seos tuottaa kuitupitoista ja aromaattista heinää, jossa on matala fruktaanipitoisuus. Tämä tekee karkearehusta turvallista hevosille ja vähentää kaviokuumeen sekä ylipainon riskiä. Hevoset syövät heinän mielellään loppuun asti, ja sen tasainen ravintoarvo tukee tervettä ruoansulatusta.</p>
<p>Organifer Hay erottuu edukseen korkealla rehuarvollaan, nopealla kuivumisellaan niiton jälkeen sekä pitkäaikaisella vakaudellaan. Lopputuloksena on ensiluokkaista karkearehua omalta pellolta: maittavaa, turvallista ja tuottavaa – satokaudesta toiseen.</p>"
gid://shopify/Collection/657058955588,sedum-ja-viherkattojen-lannoite,Sedum- ja viherkattojen lannoite,"<p>Organifer Sedum- ja viherkattojen lannoite on erikoistunut orgaanis-mineraalinen lannoite, joka on suunniteltu optimoimaan sedum- ja viherkattojen kasvu, tiheys ja elinvoimaisuus. Tähän kategoriaan kuuluvat tuotteet on kehitetty pitämään katot rehevinä, vahvoina ja terveinä pitkällä aikavälillä samalla kun ne kunnioittavat katon ekosysteemin luonnollista tasapainoa. Lannoite edistää tasaista ja pitkäkestoista kasvua, luoden tiheän, täyteläisen ja elinvoimaisen sedum-maton.</p>
<p>Tasapainoinen NPK-koostumus on suunniteltu erityisesti sedumille ja muille mehikasveille. Lisätyn kaliumin ansiosta lannoite parantaa kasvien kestävyyttä kuivuutta, kuumuutta ja äärimmäisiä sääolosuhteita vastaan. Se estää paljaiden kohtien ja sammaleen muodostumista vakaan, hallitun ravinteiden vapautumisen ansiosta. Lisäksi se vahvistaa juuristoa, mikä parantaa katon kasvualustan kestävyyttä ja vakautta.</p>
<p>Terve kasvillisuuskerros tukee luonnon monimuotoisuutta houkuttelemalla mehiläisiä, perhosia ja muita hyödyllisiä hyönteisiä. Ympäristöystävällinen koostumus on täysin biohajoava ja tarjoaa pitkäkestoisia tuloksia ravinteiden asteittaisen vapautumisen kautta. Tuote on helppokäyttöinen ja soveltuu sekä laajoille että intensiivisille viherkatoille.</p>"
gid://shopify/Collection/657059053892,kukkalannoite,Kukkalannoite,"<p>Organifer Kukkalannoite on erityisesti kehitetty tukemaan kukkivia kasveja optimaalisesti koko kasvukauden ajan. Tasapainoinen koostumus edistää vahvaa juuriston kehitystä, mikä mahdollistaa ravinteiden tehokkaamman imeytymisen ja uusien kukkanuppujen muodostumisen. Tämä johtaa runsaampaan, täyteläisempään ja pitkäkestoisempaan kukintaan. Lisäksi kukkalannoite vahvistaa kasvien luonnollista vastustuskykyä, jolloin ne ovat vähemmän alttiita stressille, kuivuudelle ja sienipaineelle. Soveltuu yksi- ja monivuotisille lajeille, kukkareunoihin, ruukkuihin, parvekkeille ja koristepuutarhoihin. Se on ihanteellinen valinta kaikille, jotka haluavat saavuttaa maksimaalisen värikylläisyyden ja runsaan kukinnan.</p>"
gid://shopify/Collection/657059119428,huonekasvilannoite,Huonekasvilannoite,"<p>Organifer Huonekasvilannoite on huolellisesti koostettu vihreiden ja kukkivien huonekasvien tarpeisiin. Huonekasveilla on rajallinen pääsy luonnollisiin ravinteisiin, joten kohdennettu lannoitus on välttämätöntä. Tämä lannoite edistää vahvan juuriston kehittymistä, kiiltäviä lehtiä sekä tasaista ja tervettä kasvua. Hellävarainen koostumus ehkäisee ylilannoitusta ja sopii erinomaisesti herkille kasveille, kuten calathealle, alocasialle, monsteralle ja fikukselle. Lisäksi ravinteet parantavat kasvien vastustuskykyä yleisiä sisäkasviongelmia vastaan, kuten kuivaa ilmaa, vähäistä valoa ja juuristostressiä. Ihanteellinen sekä aloittelijoille että kokeneille kasviharrastajille, jotka haluavat nähdä viherkeitaansa kukoistavan.</p>"
gid://shopify/Collection/657059152196,mehikasvilannoite,Mehikasvilannoite,"<p>Organifer Mehikasvilannoite on erityisesti suunniteltu mehikasvien, kaktusten ja aavikkokasvien ainutlaatuisiin ravinnetarpeisiin. Nämä kasvit kasvavat hitaasti ja tarvitsevat kevyen, tasapainoisen lannoitteen, joka säilyttää lehtien rakenteen ja ehkäisee ylilannoitusta. Lannoite stimuloi kompaktia kasvua, kirkkaita värejä ja vahvoja lehtiä, jotka varastoivat vettä tehokkaasti. Lisäksi se tukee tervettä juuriston kehitystä, mikä on erityisen tärkeää juurimädälle herkille kasveille. Täydellinen valinta aloe veralle, echeverialle, haworthialle, anopinkielille, kaktuksille ja muille kuivuutta sietäville kasvilajeille niin sisällä kuin ulkona.</p>"
gid://shopify/Collection/657059250500,vihanneslannoite,Vihanneslannoite,"<p>Organifer Vihanneslannoite on kehitetty tarjoamaan kasvimaiden kasveille niiden tarvitsemat ravinteet voimakkaaseen kasvuun ja runsaisiin satoihin. Se stimuloi terveiden lehtien, vahvan juuriston ja kiinteiden hedelmien kehittymistä. Tasapainoisen typen, fosforin ja kaliumin suhteen ansiosta vihanneskasvit saavat tukea kaikissa kasvuvaiheissa taimesta sadonkorjuuseen. Tämä lannoite sopii erinomaisesti tomaateille, kurkuille, paprikoille, kesäkurpitsoille, kaaleille, lehtivihanneksille ja juureksille. Lisäksi vihanneslannoite parantaa maan rakennetta ja maaperän mikrobitoimintaa, mikä edistää kestävää ja tuottavaa kasvimaata.</p>"
gid://shopify/Collection/657059381572,nurmen-lannoite,Nurmen lannoite,"<p>Organifer Nurmilannoite on suunniteltu vahvan, vihreän ja tasaisen nurmikon luomiseen ja ylläpitämiseen. Se tukee tiheää juuriston kasvua, mikä lisää nurmen kestävyyttä kulutusta, kuivuutta ja lämpötilavaihteluita vastaan. Lannoite edistää syvänvihreää väriä, vähentää paljaita laikkuja ja auttaa sammaloitumisen ja rikkakasvien torjunnassa. Ihanteellinen koriste-, piha- ja pelinurmikoille sekä intensiivisessä käytössä oleville nurmialueille. Tasapainoisen koostumuksensa ansiosta nurmikko pysyy hyvin ravittuna ja elinvoimaisena pitkään, jopa haastavissa kasvuolosuhteissa.</p>"
gid://shopify/Collection/657059414340,yrttilannoite,Yrttilannoite,"<p>Organifer Yrttilannoite tarjoaa aromaattisille yrteille mietoja, luonnollisia ravinteita, jotka parantavat makua, tuoksua ja lehtien laatua. Monet yrtit kasvavat luonnostaan melko köyhässä maassa ja tarvitsevat tasapainoisen lannoitteen, joka tukee kompaktia kasvua ja runsasta aromin kehitystä ilman liiallista kasvuun pakottamista. Tämä lannoite sopii erinomaisesti basilikalle, mintulle, oreganolle, timjamille, salvialle, persiljalle ja muille välimerellisille tai lehtisatoa tuottaville yrteille. Ravinteet tukevat voimakasta juuriston kehitystä ja tervettä kasvurakennetta, auttaen yrttejä pysymään tuoreina ja satoisina pidempään.</p>"
gid://shopify/Collection/657059479876,hedelmalannoite,Hedelmälannoite,"<p>Organifer Hedelmäkasvilannoite tarjoaa välttämättömät ravinteet, joita hedelmäpuut, marjapensaat ja muut pehmeitä hedelmiä tuottavat kasvit tarvitsevat kukinnan muodostumiseen, hedelmien asettumiseen ja maun kehittymiseen. Lannoite tukee vahvaa juuristoa, tervettä lehtikasvua sekä mehukkaiden ja aromaattisten hedelmien tuotantoa. Soveltuu muun muassa mansikoille, vadelmille, karhunvatukoille, pensasmustikoille, viinirypäleille, omena- ja päärynäpuille sekä sitruskasveille. Hedelmäkasvilannoite lisää kasvien luonnollista vastustuskykyä tauteja ja stressitekijöitä vastaan, auttaen kasveja pysymään elinvoimaisina ja satoisina koko kasvukauden ajan.</p>"
gid://shopify/Collection/657059578180,puunlannoite,Puunlannoite,"<p>Organifer Puunlannoite on erityisesti koostettu tukemaan sekä nuoria että varttuneita puita terveeseen kasvuun. Ravinteet tunkeutuvat syvälle maaperään ja stimuloivat voimakasta juuriston laajenemista, mikä on välttämätöntä puun vakaudelle, veden­imukyvylle ja pitkäaikaiselle elinvoimalle. Lisäksi lannoite edistää tukevien oksien, terveen lehvästön ja vahvan puustorakenteen kehittymistä. Soveltuu koristepuille, katu- ja puistopuille, hedelmäpuille sekä välimerellisille lajeille, kuten oliivipuille. Puunlannoite auttaa puita toipumaan leikkauksesta, stressistä, kuivuudesta ja köyhästä maaperästä, ja tukee tervettä ja kestävää kasvukautta.</p>"
gid://shopify/Collection/657060331844,mustasotilaskarpasen-hyonteisjate,Mustasotilaskärpäsen hyönteisjäte,"<p>Organiferin hyönteisten jätelannoiterakeet valmistetaan 100 % puhtaista hyönteisten jätöksistä, jotka ovat peräisin mustasotilaskärpäsen toukista. Tämä korkealaatuinen tuote valmistetaan Alankomaissa, kuivataan ja hygienisoidaan lämmittämällä ja puristetaan sitten ainutlaatuisiksi mikrorakeiksi.</p>
<p>Organiferin hyönteisten jäte on erittäin runsas kitiinipitoisuudeltaan. Kitiini on superruokaa mikro-organismeille, jotka hajottavat sen. Tämän prosessin aikana vapautuu entsyymejä (kitiinaaseja), jotka saavat kasvin aktivoimaan luonnolliset puolustusmekanisminsa. Tämä tekee kasvista vähemmän alttiin taudeille ja tuholaisille. Ei ole ihme, että Organiferin hyönteislannoitetta käytetään menestyksekkäästi puutarhaviljelyalalla.</p>"
gid://shopify/Collection/657060528452,lannoite-tabletit-all-in-one,Lannoite Tabletit All-In-One,"<p>Nämä All-In-One lannoitetabletit, joissa on rhizobakteereja, on kehitetty erityisesti ravitsemaan kasveja optimaalisesti ympäri vuoden. Hitaasti vapautuva teknologia, joka vapauttaa makro- ja mikroravinteita hallitusti, rakentaa kasvin ja varmistaa ravinnetasapainon, joka estää yli- tai alilannoituksen. Näin kasvi saa juuri sen, mitä se tarvitsee terveeseen kasvuun ja kukintaan.</p>
<p>Organifer All-In-One -tablettien ansiosta sinun ei enää tarvitse huolehtia kasvien hoidosta. Nämä tabletit sisältävät sekä makro- että mikroravinteita, jotka ovat välttämättömiä terveelle kasvien kasvulle. Niiden hallittu vapautus varmistaa tasapainoisen ravinteiden saannin, mikä on tarpeen terveemmille ja elinvoimaisemmille kasveille.</p>
<p>Lisätyt rhizobakteerit ja fulviinihappo parantavat tuloksia entisestään kiinnittämällä typpeä ja mobilisoimalla ravinteita kasville. Ne myös lisäävät klorofyllipitoisuutta ja hajottavat orgaanisia aineita, mikä edistää kasvien terveyttä ja kukintaa.</p>
<p>Oikein käytettynä Organifer All-In-One lannoitetabletit ovat yksinkertainen, taloudellinen ja kustannustehokas ratkaisu uusien ja olemassa olevien kasvien lannoitukseen. Nämä lannoitetabletit ovat ihanteellisia ruukku-, amppeli- ja säiliökasveille, ja ne sisältävät kaiken, mitä kasvisi tarvitsevat terveeseen kasvuun ja kukintaan ympäri vuoden.</p>"
gid://shopify/Collection/657535631684,maanparannusaineet,Maanparannusaineet,"<p>Intensiivisen käytön vuoksi maaperämme laatu on jatkuvasti paineen alla. Vuosikymmeniä jatkunut vain muutamaan elementtiin rajoittuva keinolannoitteiden käyttö on köyhdyttänyt maaperää. Mineraalinen hedelmällisyys vähenee, ja maaperän humuspitoisuus, rakenne sekä taudinkestävyys heikkenevät. Tämän seurauksena kasvien vastustuskyky heikkenee, ja ruokamme on menettänyt osan välttämättömistä mineraaleista ja hivenaineista.</p>
<p>Pelkästään keinolannoitteiden, kalkin ja orgaanisen aineksen käyttö ei pysty palauttamaan maaperää kestävällä tavalla. Kivipölyn käyttö luonnollisena mineraalilähteenä maaperän hedelmällisyyden lisäämiseksi on tunnettu pitkään, mutta se on jäänyt vähälle huomiolle modernien synteettisten lannoitteiden käytön vuoksi.</p>
<p>Organifer on vuodesta 2009 lähtien sitoutunut kestävän maaperän laadun palauttamiseen.</p>"
gid://shopify/Collection/657535664452,nestemainen-lannoite,Nestemäinen lannoite,"<p>Organifer nestemäinen lannoite on käytössä menestyksekkäästi hydroponiikassa ja substraattiviljelyssä, sisällä ja ulkona, maataloudessa, golf- ja urheilukentillä, koriste- ja vihannespuutarhoissa sekä huonekasveille.</p>"
gid://shopify/Collection/657535697220,sairaudet-ja-tuholaiset,Sairaudet ja tuholaiset,"<p>Ympäristöystävällinen ja kestävä ratkaisu laajaan valikoimaan kasvien ja puutarhan ongelmia. Tiivisteemme koostuvat yksinomaan kasvipohjaisista ainesosista, jotka imeytyvät maaperään ja kasvien juuriin. Siellä ne stimuloivat kasvien kasvua, elinvoimaa ja luonnollisia uudistumiskykyjä, korjaten epätasapainoja ja ulkoisia tekijöitä, jotka vaikuttavat kasveihin.</p>
<p>Ymmärrys siitä, että kasveja voidaan suojata ja vahvistaa huomioimalla luonnollinen kiertokulku ja symbioottiset suhteet, on ollut pitkään tunnustettu. Organifer on kehittänyt tätä periaatetta eteenpäin ja hyödyntää erityisiä yrttiuutteita luodakseen tehokkaan ratkaisun, jota voidaan käyttää sekä ennaltaehkäisevästi että parantavasti.</p>"
gid://shopify/Collection/657535729988,orgaaninen-lannoite,Orgaaninen lannoite,"<p>Orgaaninen lannoite sopii erinomaisesti peruslannoitteeksi koristepuutarhoihin, reunuksiin, nurmikoille, sipuli- ja mukulakasveille, vihannespuutarhoihin, ruusuille, ruukkukasveille ja hedelmäpuille. Rakeet parantavat maaperän rakennetta ja vedenpidätyskykyä, mahdollistavat hedelmällisen maaperän elämän ja rikastavat maaperää luonnollisesti ylläpitäen jatkuvaa tasapainoa. Tämä yleislannoite sopii kaikille maaperätyypeille ja soveltuu täydellisesti peruslannoitteeksi nurmikoille, reunoille, vihannespuutarhoihin, laitumille ja hedelmätarhoihin. Lisäksi rakeet toimivat maaperän aktivaattorina stimuloimalla nopeasti positiivista maaperän elämää.</p>"
gid://shopify/Collection/657535762756,lannoitetabletit,Lannoitetabletit,"<p>Nämä All-In-One lannoitetabletit, joissa on Rhizobakteereja, on erityisesti kehitetty ravitsemaan kasveja optimaalisesti ympäri vuoden. Hitaasti vapautuva teknologia, joka vapauttaa makro- ja mikroravinteita annoksina, parantaa kasvin rakennetta ja varmistaa ravinteiden tasapainon, joka estää yli- tai alilannoituksen. Näin kasvi saa juuri sen, mitä se tarvitsee terveeseen kasvuun ja kukintaan.</p>
<p>Organifer All-In-One -tablettien ansiosta sinun ei enää tarvitse huolehtia kasvien hoidosta. Nämä tabletit sisältävät sekä makro- että mikroravinteita, jotka ovat välttämättömiä terveelle kasvien kasvulle. Annosmainen vapautus varmistaa tasapainoisen ravinteiden saannin, mikä on tarpeen terveemmille ja elinvoimaisemmille kasveille.</p>
<p>Lisätyt Rhizobakteerit ja Fulviinihapot tehostavat näitä tuloksia kiinnittämällä typpeä ja mobilisoimalla ravinteita kasville. Ne myös lisäävät klorofyllipitoisuutta ja hajottavat orgaanisia aineita, mikä hyödyttää kasvien terveyttä ja kukintaa.</p>
<p>Oikein käytettynä Organifer All-In-One lannoitetabletit ovat yksinkertainen, taloudellinen ja kustannustehokas ratkaisu uusien ja olemassa olevien kasvien lannoitukseen. Nämä lannoitetabletit ovat ihanteellisia ruukku-, amppeli- ja säiliökasveille, ja ne sisältävät kaiken, mitä kasvisi tarvitsevat terveeseen kasvuun ja kukintaan ympäri vuoden.</p>"
