GID,Title,Content,Meta Title,Meta Description
gid://shopify/Article/614466912580,Hur kan jag kontrollera och förhindra larv i gräsmattan?,"<!-- wp:paragraph {""translatedWithWPMLTM"":""1""} -->
<p>Du har en vacker gräsmatta och på nolltid har gräsmattan blivit en förödelse. Man får kala fläckar i gräset och fåglar pickar på gräsmattan. Detta medför ännu större skada. I det här fallet har du en god chans att det finns larver eller skinnjackor. Organifer Grass Insects behandlar enkelt gräsmattor, idrottsplatser eller ängar.      </p>
<!-- /wp:paragraph --><!-- wp:heading {""translatedWithWPMLTM"":""1""} -->
<h2>Hur känner man igen ett angrepp av larver?</h2>
<!-- /wp:heading --><!-- wp:paragraph {""translatedWithWPMLTM"":""1""} -->
<p>Ofta kommer du först att se bruna fläckar på din gräsmatta och gräset dör lokalt. Flera fåglar kommer också att dra grästuvor från gräsmattan. Fåglarna hjälper till, eftersom de faktiskt letar efter larver, det är deras mat. En larver är en larv av flera arter av bladbaggen. Det vanligaste i trädgården är säkert från cockchafer. Men det finns andra arter av skalbaggar där larverna kallas larver:     </p>
<!-- /wp:paragraph --><!-- wp:list {""ordered"":true,""translatedWithWPMLTM"":""1""} -->
<ol><li>Från rosenchafer eller <em>Phylloperta horticolain</em></li><li>Mayfly eller <em>Melolontha melolontha</em></li><li>Junibaggen <em>Amphimallon solstitialis</em></li><li>Larver av julibaggen aka <em>Polyphyla fullo</em></li><li>Från sallandsbaggen eller <em>Hoplia philanthus</em></li><li>Den rostiga bruna bladbaggen</li><li>Den vanliga bladbaggen eller <em>Anomala dubia</em>  </li></ol>
<!-- /wp:list --><!-- wp:gallery {""ids"":[15511,15512,15510,15513],""linkTo"":""none"",""translatedWithWPMLTM"":""1""} -->
<figure class=""wp-block-gallery columns-3 is-cropped""><ul class=""blocks-gallery-grid""><li class=""blocks-gallery-item""><figure><img src=""https://organifer.com/wp-content/uploads/2020/09/Engerlingenbestrijden-1024x1024.png"" alt=""Kontrollera larver"" data-id=""15511"" data-full-url=""https://organifer.com/wp-content/uploads/2020/09/Engerlingenbestrijden.png"" data-link=""https://organifer.com/engerlingen-eenvoudig-bestrijden-en-voorkomen-in-het-gazon/engerlingenbestrijden/"" class=""wp-image-15511""/><figcaption class=""blocks-gallery-item__caption"">Scarab larver kan vara ett riktigt skadedjur</figcaption></figure></li><li class=""blocks-gallery-item""><figure><img src=""https://organifer.com/wp-content/uploads/2020/09/Engerlingenbestrijden1-1024x1024.png"" alt=""Kontrollerar och f&#xF6;rebygger larv i gr&#xE4;smattan"" data-id=""15512"" data-full-url=""https://organifer.com/wp-content/uploads/2020/09/Engerlingenbestrijden1.png"" data-link=""https://organifer.com/engerlingen-eenvoudig-bestrijden-en-voorkomen-in-het-gazon/engerlingenbestrijden1/"" class=""wp-image-15512""/><figcaption class=""blocks-gallery-item__caption"">Gräsmattans rötter påverkas</figcaption></figure></li><li class=""blocks-gallery-item""><figure><img src=""https://organifer.com/wp-content/uploads/2020/09/engerlingenbestrijden-meikever-1024x1024.png"" alt=""Kontrollerar och f&#xF6;rebygger larv i gr&#xE4;smattan"" data-id=""15510"" data-full-url=""https://organifer.com/wp-content/uploads/2020/09/engerlingenbestrijden-meikever.png"" data-link=""https://organifer.com/engerlingen-eenvoudig-bestrijden-en-voorkomen-in-het-gazon/engerlingenbestrijden-meikever/"" class=""wp-image-15510""/><figcaption class=""blocks-gallery-item__caption"">Scarab larver, larver av bladbagge</figcaption></figure></li><li class=""blocks-gallery-item""><figure><img src=""https://organifer.com/wp-content/uploads/2020/09/Engerlingenbestrijden03-1024x1024.png"" alt=""Kontrollera larver"" data-id=""15513"" data-full-url=""https://organifer.com/wp-content/uploads/2020/09/Engerlingenbestrijden03.png"" data-link=""https://organifer.com/engerlingen-eenvoudig-bestrijden-en-voorkomen-in-het-gazon/engerlingenbestrijden03/"" class=""wp-image-15513""/><figcaption class=""blocks-gallery-item__caption"">Scarab</figcaption></figure></li></ul></figure>
<!-- /wp:gallery --><!-- wp:heading {""translatedWithWPMLTM"":""1""} -->
<h2>Vilka typer av larver finns det?</h2>
<!-- /wp:heading --><!-- wp:heading {""level"":3,""translatedWithWPMLTM"":""1""} -->
<h3>larver av bl.a. rosenskavan.</h3>
<!-- /wp:heading --><!-- wp:paragraph {""translatedWithWPMLTM"":""1""} -->
<p>Du ser dem flyga förbi! De låga stegen strax ovanför gräsmattan är mycket typiska för rosenskavan. Under flykten äter de blomknoppar och löv av olika lövträdsgrödor i cirka 3 veckor. När du ser dem flyga har honorna redan lagt de flesta av sina ägg. Cirka 6 veckor efteråt utvecklas de första larverna.      </p>
<!-- /wp:paragraph --><!-- wp:paragraph {""translatedWithWPMLTM"":""1""} -->
<p>De börjar äta humusmaterial så fort de kryper ut ur sina ägg. Under det andra larvstadiet livnär de sig på hårrötter. I det tredje stadiet livnär sig larverna på gräsmattans rötter och andra växter. Som ett resultat absorberar gräset inte längre vatten och näring och dör. På våren kan detta redan ses i gräsmattans färg.      </p>
<!-- /wp:paragraph --><!-- wp:paragraph {""translatedWithWPMLTM"":""1""} -->
<p>På de platser där larverna finns blir gräsmattan mindre fräschgrön och utvecklar gulbruna blad. Från och med juli växer gräset inte längre bra på de platser där larverna finns. Ibland har gräsmattan försämrats till den grad att den kan lossas och rullas ihop. Nedan hittar du larverna, ibland hundratals tillsammans.     </p>
<!-- /wp:paragraph --><!-- wp:heading {""level"":3,""translatedWithWPMLTM"":""1""} -->
<h3>Majbaggarlarver är de vanligaste larverna</h3>
<!-- /wp:heading --><!-- wp:paragraph {""translatedWithWPMLTM"":""1""} -->
<p>Chickadeen flyger från sista veckan i april till mitten av juni. Under denna tid parar de sig och lägger ägg. Larven av denna skalbagge lever under jorden i 3 år. Beroende på klimatförhållanden kan utvecklingen ta så lång tid som 5 år. De livnär sig på rötterna av alla typer av grödor: buxbom, växter, barrträd (som <em>piceas</em> , <em>idegranar</em> , bokar, ekar), lager, fruktträd, hortensior och gräs, inklusive gräsmattor/gräsmarker och idrottsplatser. Faktum är att de är polyfaga, det vill säga allätare. De orsakar också mycket skada på sallad och potatis i grönsaksträdgårdar.<br/> Växter vars rotsystem äts av larver blir mottagliga för en mängd olika sjukdomar och skadedjur och dör så småningom.<br/> Larven som angriper rötterna med början på våren går i vinterdvala i oktober och kommer inte upp för att äta vid rötterna förrän i början av maj. Några av dessa går in i larvstadium 3 och förpuppar sig i juli. Skalbaggen kläcks i slutet av augusti - början av september och övervintrar under jorden som vuxen till slutet av april.        </p>
<!-- /wp:paragraph --><!-- wp:heading {""level"":3,""translatedWithWPMLTM"":""1""} -->
<h3>Juni skalbagge</h3>
<!-- /wp:heading --><!-- wp:paragraph {""translatedWithWPMLTM"":""1""} -->
<p>Juni skalbaggar lever uteslutande på rötter av olika typer av gräs. Denna skalbagge föredrar torra förhållanden. För närvarande finns junibaggen på ett antal platser i de centrala, östra och södra delarna av vårt land, särskilt på idrottsplatser, betesmarker och ibland i trädgårdar, men den äter egentligen bara gräs!  </p>
<!-- /wp:paragraph --><!-- wp:heading {""level"":3,""translatedWithWPMLTM"":""1""} -->
<h3>Junibagge och dess larver</h3>
<!-- /wp:heading --><!-- wp:paragraph {""translatedWithWPMLTM"":""1""} -->
<p>Julibaggen finns i kustområden. Dess utveckling liknar den för majbaggen. Denna skalbagge är sällsynt och orsakar inte skador på trädgårdar. Du kommer att se det mestadels i tallskogar längs kusten, under månaderna juni till augusti. De lever ofta högt i träd och är därför svåra att hitta. Skalbaggen äter barr och kan stridulera (göra ljud) mycket högt, speciellt när den störs lever den under jorden och äter från gräsrötterna!     </p>
<!-- /wp:paragraph --><!-- wp:heading {""level"":3,""translatedWithWPMLTM"":""1""} -->
<h3>Sallandsbaggens larver</h3>
<!-- /wp:heading --><!-- wp:paragraph {""translatedWithWPMLTM"":""1""} -->
<p>Dessa förekommer främst i gräs. Det är en av få arter som förblir aktiv på vintern. De är inte mottagliga för frost. sallandsbaggarlarver äter huvudsakligen rötter från en mängd olika gräs. Särskilt på idrottsplatser och trädgårdar orsakar de stor skada.<br/> De första skalbaggarna kan flyga så tidigt som i slutet av april, men de når vanligtvis sin topp i juni. Sallandsbaggen tar 2 år att växa från larver till skalbaggar.<br/> Eftersom du aldrig ser dem flyga i massor är det svårare att kontrollera dem. under hela året hittar vi olika stadier av dessa larver.<br/> Lider du av larv på vintern? Då är chansen stor att du har att göra med sallandsbaggen.       </p>
<!-- /wp:paragraph --><!-- wp:heading {""level"":3,""translatedWithWPMLTM"":""1""} -->
<h3>Larverna av den rostiga bruna bladbaggen</h3>
<!-- /wp:heading --><!-- wp:paragraph {""translatedWithWPMLTM"":""1""} -->
<p>Larver av rostiga bruna bladbaggar kan vara ett riktigt skadedjur i din prydnadsträdgård. Förutom i buxbom kan den här skalbaggens larver hittas nästan var som helst, inklusive prydnadsbuskar, perenner, träd och i vintergröna växter som idegran. Utveckling från ägg till skalbagge tar 2 år.<br/> Den vuxna skalbaggen är rödbrun och har inget fast flygmönster. De förekommer från slutet av april till september. Dessa skalbaggar flyger under dagen, såväl som på natten och dras mot ljus.    <br/>  De rostiga bruna bladbaggarnas larver övervintrar inte. Vid 0ºC fortsätter de att livnära sig på rötter, vilket gör att många växter dör vid höga angrepp. </p>
<!-- /wp:paragraph --><!-- wp:heading {""level"":3,""translatedWithWPMLTM"":""1""} -->
<h3>Anomala dubia</h3>
<!-- /wp:heading --><!-- wp:paragraph {""translatedWithWPMLTM"":""1""} -->
<p>Arten anomala dubia (nederländska namnet: anomala skalbagge) har varit en vanlig art sedan 2006. Den vuxna skalbaggen förekommer i olika färger, varav en ser slående ut som en stor rosa skalbagge. Utveckling från larver till skalbaggar tar 2 år.<br/> Skalbaggarna kan observeras redan i mitten av maj i söder. I andra delar av landet finns skalbaggarna från juni till augusti. De finns i gräs, prydnadsväxter, barrträd, frukter och sparris.<br/> Skalbaggen kan äta en stor mängd blommor och löv från olika trädgårdsväxter och frukter på kort tid.    </p>
<!-- /wp:paragraph --><!-- wp:heading {""translatedWithWPMLTM"":""1""} -->
<h2>Grässkador orsakade av larver</h2>
<!-- /wp:heading --><!-- wp:paragraph {""translatedWithWPMLTM"":""1""} -->
<p>De välkända gräsrotsätarna kan orsaka avsevärd skada. Som ett resultat absorberar gräsmattan inte tillräckligt med fukt och näring för att hålla gräset grönt. Men de största skadorna på gräsmattan kommer från fåglarna som ser larven som en delikatess. De vänder upp och ner på hela gräsmattan för att plocka ut larver under gräset. Fläckarna kan vara flera kvadratmeter stora. Återställande av gräsmattan är då ofta endast möjlig genom <a rel=""noreferrer noopener"" href=""https://organifer.com/sv/webbshop/?swoof=1&amp;woof_text=gazon&amp;product_cat=graszaden"" target=""_blank"">nysådd</a> .       </p>
<!-- /wp:paragraph --><!-- wp:heading {""translatedWithWPMLTM"":""1""} -->
<h2>Hur lever larverna</h2>
<!-- /wp:heading --><!-- wp:paragraph {""translatedWithWPMLTM"":""1""} -->
<p>Som beskrivits tidigare är larverna larver av en skalbagge. Dessa skalbaggar dyker upp på våren i mitten av april/juni. På våren går dessa varelser på jakt efter mat, mestadels frossa i växtlighet och frukt. När skalbaggarna har tillräckligt med mat kommer de att börja reproducera sig under rätt förhållanden. Så de ska börja lägga ägg i gräsmattan.      </p>
<!-- /wp:paragraph --><!-- wp:paragraph {""translatedWithWPMLTM"":""1""} -->
<p>Larver som kallas larver kommer att födas från dessa ägg efter fyra till sex veckor. Dessa larver kommer omedelbart att börja frossa i gräsmattans rötter. De kommer att fortsätta så tills vintern kommer. När det är vinter kommer larverna att krypa djupare ner i marken och övervintra där. Under denna tid är larverna i ett slags vilande tillstånd och kommer inte att kalasa på gräsmattan. När jorden värms upp igen på våren, blir djuren aktiva igen och förpuppas till skalbaggar. Sedan börjar hela cykeln igen.      </p>
<!-- /wp:paragraph --><!-- wp:heading {""translatedWithWPMLTM"":""1""} -->
<h2>bekämpa och förebygga?</h2>
<!-- /wp:heading --><!-- wp:paragraph {""translatedWithWPMLTM"":""1""} -->
<p>Organifer Grass Insects Concentrate kommer snabbt att absorberas av gräsväxtens rötter och blad efter administrering. Det ökar motståndskraften hos anläggningen, som så att säga kommer att utveckla ett eget försvarssystem. Det påverkar också jorden på fördelaktiga sätt. Växtens rötter stimuleras, vilket återställer en sund tillväxt. Läderjackor och andra skadliga larver kommer att undvika växterna. Larverna tycker inte längre att rötter och blad är attraktiva. Med förebyggande användning kommer larverna från läderjackor, larver och sorgflugor inte längre att nå puppstadiet.      </p>
<!-- /wp:paragraph --><!-- wp:paragraph {""translatedWithWPMLTM"":""1""} -->
<p>Gräset blir friskare, rötterna växer igen och blir också mindre attraktiva för skadedjur. Denna produkt är speciellt designad för gräsmattor, gräsmarker och sportplaner.   </p>
<!-- /wp:paragraph --><!-- wp:acf/recommended-products {""id"":""block_5f638044052c6"",""name"":""acf/recommended-products"",""data"":{""title"":""Behandlingsråd Maggots:  "",""_title"":""field_5ed4e7eb732f9"",""products_0_product"":13932,""_products_0_product"":""field_5ed4e804732fb"",""products_1_product"":13933,""_products_1_product"":""field_5ed4e804732fb"",""products_2_product"":13934,""_products_2_product"":""field_5ed4e804732fb"",""products"":3,""_products"":""field_5ed4e7fe732fa""},""align"":""full"",""mode"":""preview""} /--><!-- wp:heading {""translatedWithWPMLTM"":""1""} -->
<h2>Administration Organifer Grass Insects Concentrate.</h2>
<!-- /wp:heading --><!-- wp:paragraph {""translatedWithWPMLTM"":""1""} -->
<p>Den idealiska behandlingen för att kontrollera larver är förebyggande med en förebyggande behandling. Vi rekommenderar följande administrering för optimal effektivitet: </p>
<!-- /wp:paragraph --><!-- wp:paragraph {""translatedWithWPMLTM"":""1""} -->
<p>1) Applicera tidig vårperiod (april/maj)</p>
<!-- /wp:paragraph --><!-- wp:paragraph {""translatedWithWPMLTM"":""1""} -->
<p>2) Periodisk sommaradministration (juni/juli)</p>
<!-- /wp:paragraph --><!-- wp:paragraph {""translatedWithWPMLTM"":""1""} -->
<p>3) Period höstadministration (september/oktober)</p>
<!-- /wp:paragraph --><!-- wp:paragraph {""translatedWithWPMLTM"":""1""} -->
<p>Om skadan redan har uppstått kan tre behandlingar påbörjas när som helst i snabb följd med 4 veckors mellanrum. Sedan nästa vår, plocka upp behandlingen som planerat för att förebygga skalbaggar och larver. </p>
<!-- /wp:paragraph --><!-- wp:heading {""translatedWithWPMLTM"":""1""} -->
<h2>Reparera kala fläckar i gräsmattan</h2>
<!-- /wp:heading --><!-- wp:paragraph {""translatedWithWPMLTM"":""1""} -->
<p>För att återställa kala fläckar i gräsmattan eller gräsmattan rekommenderar vi att man översådd med <a href=""https://www.bol.com/nl/p/herstelgazon-graszaad-met-coating-fast-repair-organifer/9300000009826368/?bltgh=ikJftegKcOv8S2XVjGlLRw.1_21.29.ProductImage"" target=""_blank"" rel=""noreferrer noopener"">gräsfrö</a> . Recovery by Organifer handlar om den idealiska reparationsformeln för renovering/översådd av alla typer av gräsmattor enligt Fast Repair-metoden. Supersnabb groning och etablering i befintligt gräs på grund av dess enorma konkurrenskraft. Fyller kala och öppna utrymmen i rasande fart. Resultatet är en total makeover till en hanterbar kostnad. Varje gräsmatta blir som ny igen.     </p>
<!-- /wp:paragraph --><!-- wp:acf/recommended-products {""id"":""block_5f638399052c8"",""name"":""acf/recommended-products"",""data"":{""title"":""Återhämtningsgräsfrö:"",""_title"":""field_5ed4e7eb732f9"",""products_0_product"":14943,""_products_0_product"":""field_5ed4e804732fb"",""products_1_product"":14957,""_products_1_product"":""field_5ed4e804732fb"",""products_2_product"":14959,""_products_2_product"":""field_5ed4e804732fb"",""products"":3,""_products"":""field_5ed4e7fe732fa""},""align"":""full"",""mode"":""preview""} /-->",,"Kontrollera och förebygg larv med Organifer Grass Insects Concentrate. Förhindrar och återställer skador i gräsmatta, äng, gräsmatta."
gid://shopify/Article/614466945348,"Allt om gräsklippning, 10 smarta klipptips för den perfekta gräsmattan!","<!-- wp:paragraph {""translatedWithWPMLTM"":""1""} -->
<p>För att hålla din gräsmatta vacker är det viktigt att klippa din gräsmatta ordentligt. En perfekt gräsmatta kräver verkligen en del arbete. Det gör du genom att klippa gräset inte bara ofta utan också ordentligt. Vad är den ideala klipphöjden? Vilken gräsklippare ska jag använda? Allt om gräsklippning och kompletta klippråd för en vacker gräsmatta mer läs här. Vi avslutar med 10 gräsklipptips för en vacker gräsmatta.        </p>
<!-- /wp:paragraph --><!-- wp:heading {""translatedWithWPMLTM"":""1""} -->
<h2>Varför är det viktigt att klippa gräs?</h2>
<!-- /wp:heading --><!-- wp:paragraph {""translatedWithWPMLTM"":""1""} -->
<p>Chansen är stor att du kommer att klippa gräsmattan så att den ser snygg ut igen. Men det finns fler anledningar att hänga med på sin gräsmatta. Till att börja med gör klippning gräsmattan starkare. Sol och syre når jorden och främjar tillväxten av nytt gräs. Att klippa gräs ger alla blad, inklusive de finare, en chans att växa sig stora och stadiga. Detta kommer att skapa en full, tät gräsmatta. En annan trevlig fördel är att genom att klippa regelbundet har mossa och ogräs ingen eller mindre chans att växa.      </p>
<!-- /wp:paragraph --><!-- wp:heading {""translatedWithWPMLTM"":""1""} -->
<h2>När ska man klippa gräs?</h2>
<!-- /wp:heading --><!-- wp:paragraph {""translatedWithWPMLTM"":""1""} -->
<p>Klipp alltid när gräset är torrt. Om du klipper när gräset fortfarande är <a rel=""noreferrer noopener"" href=""https://www.weeronline.nl/"" target=""_blank"">vått</a> klipper inte klipparens knivar ordentligt. Dessutom samlas gräs i gräsklipparen och det finns en risk att din gräsklippare kan bli igensatt. Du ger också mögel och sjukdomsterräng. Så det gynnar inte gräsets kvalitet! Se till att det inte är för varmt och klipp inte i direkt solljus. Den bästa tiden att klippa är sen eftermiddag. Gräs har sedan gott om tid att återhämta sig innan natten kommer.       </p>
<!-- /wp:paragraph --><!-- wp:heading {""translatedWithWPMLTM"":""1""} -->
<h2>Hur ofta ska jag klippa gräs?</h2>
<!-- /wp:heading --><!-- wp:paragraph {""translatedWithWPMLTM"":""1""} -->
<p>Hur ofta är det bäst att klippa gräset? Det beror mycket på hur din gräsmatta växer. Om gräset växer snabbt, klipp två gånger i veckan. Om den inte växer lika fort räcker det med en gång i veckan.   </p>
<!-- /wp:paragraph --><!-- wp:image {""id"":14075,""sizeSlug"":""large"",""translatedWithWPMLTM"":""1""} -->
<figure class=""wp-block-image size-large""><img src=""https://organifer.com/wp-content/uploads/2020/07/Gras-Booster-Organische-Mestkorrel-3in1-voor-Weides-en-Gazons-waar-groei-gewenst-is-Sterker-Gras-Constante-Groei-120-dagen-Voeding-Verrijkt-met-Mineralen-en-Spoorelementen-Organife5-1024x1024.png"" alt=""hur ofta med jag klipper?"" class=""wp-image-14075""/><figcaption>Klipp inte för länge</figcaption></figure>
<!-- /wp:image --><!-- wp:heading {""translatedWithWPMLTM"":""1""} -->
<h2>Vilken är den idealiska klipphöjden för gräset?</h2>
<!-- /wp:heading --><!-- wp:paragraph {""translatedWithWPMLTM"":""1""} -->
<p>Den idealiska klipphöjden beror på din situation. I allmänhet klipper du din gräsmatta mellan 2,5 och 4 tum. Själva är vi fans av lite längre klippning då växtpunkter inte klipps bort och gräset förblir starkare. Om gräsmattan används intensivt, till exempel av lekande barn, klipp gräset lite längre, 4 till 5 cm. Om din gräsmatta huvudsakligen är i skugga, klipp den 7 tum hög. På så sätt har växten fler blad för att absorbera ljus och göra näring. Tänk alltid på 1/3-regeln: klipp max en tredjedel av gräsets längd. På så sätt tappar inte gräset sin kraft.       </p>
<!-- /wp:paragraph --><!-- wp:heading {""translatedWithWPMLTM"":""1""} -->
<h2>Klipper en ny gräsmatta för första gången</h2>
<!-- /wp:heading --><!-- wp:paragraph {""translatedWithWPMLTM"":""1""} -->
<p>Har du installerat en ny gräsmatta med torv? Vänta sedan två veckor innan du klipper första gången. På så sätt ger du gräset tid att slå rot. Tack vare rötterna skapar den en stadig grund för din gräsmatta. Vid nysådd, beroende på blandning, rekommenderar vi att man väntar minst 3-4 veckor på att långsamgroende arter rotar och gror. När du klipper för första gången, ställ in gräsklipparen i det högsta läget. Klipp max 1/3 av grässtråna. Önskar du att gräset var kortare? Vänta sedan några dagar och klipp 1/3 av gräset igen. Upprepa tills önskad höjd uppnås. Med dessa klipptips får du snabbt en perfekt gräsmatta även med nysådd.          </p>
<!-- /wp:paragraph --><!-- wp:heading {""translatedWithWPMLTM"":""1""} -->
<h2>Klippjobb i gräsmattan</h2>
<!-- /wp:heading --><!-- wp:paragraph {""translatedWithWPMLTM"":""1""} -->
<p>Önskar du dig de vackra banorna i din gräsmatta, som på en fotbollsplan? Detsamma gäller för din gräsmatta! Att använda en rullklippare med rulle kommer lätt att få detta gjort. Denna gräsklippare trycker gräset i riktning mot den sida som körs. Ljuset ger gräset en annan färg. Klipp banan bredvid den i motsatt riktning och voila: en stadionvärdig gräsmatta.     </p>
<!-- /wp:paragraph --><!-- wp:image {""id"":14931,""width"":580,""height"":580,""sizeSlug"":""large"",""translatedWithWPMLTM"":""1""} -->
<figure class=""wp-block-image size-large is-resized""><img src=""https://organifer.com/wp-content/uploads/2020/08/Organifergazongraszaadinzaai-6-1024x1024.png"" alt=""Jobb i gr&#xE4;smattan - Klipptips f&#xF6;r perfekt gr&#xE4;smatta"" class=""wp-image-14931"" width=""580"" height=""580""/><figcaption>Klipptips för perfekt gräsmatta</figcaption></figure>
<!-- /wp:image --><!-- wp:heading {""translatedWithWPMLTM"":""1""} -->
<h2>Bortskaffande av mulching eller gräsklipp</h2>
<!-- /wp:heading --><!-- wp:paragraph {""translatedWithWPMLTM"":""1""} -->
<p>Mulching innebär att strimla klippt gräs och lämna det på gräsmattan. Genom att göra det återför du näringsämnen till gräsmattan. En fördel med detta är att inget slåtteravfall blir över. Ett smart klipptips för den perfekta gräsmattan. Effektivt eftersom du inte behöver tömma klipparens skopa och kan fortsätta klippa! Mulchning kan inte göras om gräset är för långt, då blir mulchlagret på din gräsmatta för tjockt och kväver gräset, det ska inte finnas halmtak, flisen ska vara tillräckligt liten. Är du övertygad om att mulching är något för dig? Använd en gräsklippare med mulching kit. Föredrar du att fånga det klippta gräset i en soptunna? Inga problem såklart! Se till att du har en bra gödningsplan och gödsla ekologiskt så att din gräsmatta fortsätter att få tillräcklig näring.          </p>
<!-- /wp:paragraph --><!-- wp:heading {""translatedWithWPMLTM"":""1""} -->
<h2>Smarta klipptips som resulterar i den perfekta gräsmattan.</h2>
<!-- /wp:heading --><!-- wp:heading {""level"":3,""translatedWithWPMLTM"":""1""} -->
<h3>Tips1 : Välj rätt och bästa gräsfrö</h3>
<!-- /wp:heading --><!-- wp:paragraph {""translatedWithWPMLTM"":""1""} -->
<p>I gräsfröland finns det mycket att köpa, tyvärr ser vi i praktiken många nedslående resultat på grund av fel gräsfrö. Vi har på organifer 2 högkvalitativa gräs där man kan skilja på - sport-/fritidsgräsmatta och prydnadsgräsmatta. Här rekommenderar vi <a rel=""noreferrer noopener"" href=""https://organifer.com/webshop/graszaden/gazon-mengsel/gazon-graszaad-met-coating-1-5kg-voor-50m2/"" target=""_blank"">Siergazon</a> endast när det inte är mycket trampning och du är villig att fortsätta investera tid och pengar i en vacker gräsmatta. Om du önskar en bekymmersfri tät och snabbt återhämtande gräsmatta rekommenderar vi komplett sådd med <a rel=""noreferrer noopener"" href=""https://organifer.com/webshop/graszaden/gazon-mengsel/herstelgazon-graszaad-met-coating-fast-repair-15kg-voor-75m2/"" target=""_blank"">organifer recovery gräsmatta ,</a> på grund av finbladiga gräs blir det nästan ingen synlig skillnad mot en prydnadsgräsmatta men du är garanterad snabb groning och fin tät gräsmatta, även vid trampning eller mindre optimala förhållanden.   </p>
<!-- /wp:paragraph --><!-- wp:image {""id"":14926,""sizeSlug"":""large"",""translatedWithWPMLTM"":""1""} -->
<figure class=""wp-block-image size-large""><img src=""https://organifer.com/wp-content/uploads/2020/08/organifergazongraszaadinzaaai-6-1024x1024.png"" alt=""organifer Lek och Sport gr&#xE4;smatta"" class=""wp-image-14926""/><figcaption>Organifer Restoration gräsmatta - lämplig mot trampning</figcaption></figure>
<!-- /wp:image --><!-- wp:heading {""level"":3,""translatedWithWPMLTM"":""1""} -->
<h3>Tips 2: Investera i en bra (Robot) gräsklippare och underhåll den ordentligt.</h3>
<!-- /wp:heading --><!-- wp:paragraph {""translatedWithWPMLTM"":""1""} -->
<p>Vi föredrar en rullklippare, även kallad rullklippare. Detta skulle vara vårt klippråd för en perfekt gräsmatta. Denna gräsklippare slår inte av gräset utan klipper eller trimmar det så att gräset praktiskt taget inte tar någon skada. Skulle denna gräsklippare inte vara till bytes rekommenderar vi en robotgräsklippare eftersom den tillåter frekvent klippning utan större ansträngning eller på stora tomter en nollvarvsklippare med tillräcklig kraft och Mulch-funktion. Självklart är det viktigt att underhålla gräsklipparen ordentligt.    </p>
<!-- /wp:paragraph --><!-- wp:image {""id"":14925,""sizeSlug"":""large"",""translatedWithWPMLTM"":""1""} -->
<figure class=""wp-block-image size-large""><img src=""https://organifer.com/wp-content/uploads/2020/08/Organifergazongraszaad01-1024x1024.png"" alt=""Robotklippare perfekt gr&#xE4;smatta"" class=""wp-image-14925""/><figcaption>Robotklippare</figcaption></figure>
<!-- /wp:image --><!-- wp:heading {""level"":3,""translatedWithWPMLTM"":""1""} -->
<h3>Tips 3: Klipp mycket och ofta</h3>
<!-- /wp:heading --><!-- wp:paragraph {""translatedWithWPMLTM"":""1""} -->
<p>ett enkelt klippråd för vacker gräsmatta som vi kan ge är att klippa mycket och ofta. Detta kommer att ge dig en vacker gräsmatta. I genomsnitt bör klippning göras minst en gång i veckan vid långsam tillväxt och två gånger i veckan på våren vid snabb tillväxt för optimala resultat.  </p>
<!-- /wp:paragraph --><!-- wp:heading {""level"":3,""translatedWithWPMLTM"":""1""} -->
<h3>TIPS 4: Klipp inte när det är för kallt</h3>
<!-- /wp:heading --><!-- wp:paragraph {""translatedWithWPMLTM"":""1""} -->
<p>Den bästa temperaturen för att klippa gräs är mellan 12 och 20 grader.</p>
<!-- /wp:paragraph --><!-- wp:heading {""level"":3,""translatedWithWPMLTM"":""1""} -->
<h3>Tips 5: Klipp inte för kort  </h3>
<!-- /wp:heading --><!-- wp:paragraph {""translatedWithWPMLTM"":""1""} -->
<p>Detta förbättrar gräskvaliteten och är bättre för knivarna</p>
<!-- /wp:paragraph --><!-- wp:heading {""level"":3,""translatedWithWPMLTM"":""1""} -->
<h3>TIPS 6: Klipp åt olika håll</h3>
<!-- /wp:heading --><!-- wp:paragraph {""translatedWithWPMLTM"":""1""} -->
<p>Klippning i olika riktningar skjuter grässtrån i olika riktningar.</p>
<!-- /wp:paragraph --><!-- wp:heading {""level"":3,""translatedWithWPMLTM"":""1""} -->
<h3>TIPS 7: Klipp endast när gräset är torrt</h3>
<!-- /wp:heading --><!-- wp:paragraph {""translatedWithWPMLTM"":""1""} -->
<p>Byt olja, luftfilter och tändstift. På så sätt är din gräsklippare redo för den nya klippsäsongen! </p>
<!-- /wp:paragraph --><!-- wp:heading {""level"":3,""translatedWithWPMLTM"":""1""} -->
<h3>TIPS 8: Bättra även gräsmattans kanter.</h3>
<!-- /wp:heading --><!-- wp:paragraph {""translatedWithWPMLTM"":""1""} -->
<p>Är din gräsmatta fin och tät igen? Glöm inte att trimma och trimma kanterna. Detta kommer att få din gräsmatta att se tiptop ut igen!  </p>
<!-- /wp:paragraph --><!-- wp:heading {""level"":3,""translatedWithWPMLTM"":""1""} -->
<h3>Tips 9: Klipp alltid med vassa knivar</h3>
<!-- /wp:heading --><!-- wp:paragraph {""translatedWithWPMLTM"":""1""} -->
<p>För ett vackert klipp, klipp gräset med vassa knivar. Är dina knivar trubbiga? Då spricker gräset, torkar ut och ger ditt gräs ett brunt sken.  </p>
<!-- /wp:paragraph --><!-- wp:heading {""level"":3,""translatedWithWPMLTM"":""1""} -->
<h3>Tips 10: Mulch gräset och låt klippet ligga</h3>
<!-- /wp:heading --><!-- wp:paragraph {""translatedWithWPMLTM"":""1""} -->
<p>Genom att hacka gräsklippet och låta det ligga kvar, bryts det ner av marklivet, vilket skapar naturlig gödsling. Markkvaliteten kommer också att förbättras genom att öka innehållet av organiskt material. Om du ändå vill göra dig av med klippet, gödsla lite extra med Organifer Grass Booster eller Organifer Lawn Fertilizer så att gräset inte blir bristfälligt och halten organiskt material i jorden förblir hög och marklivet förblir aktivt. Observera att det är viktigt att skära urklippet tillräckligt litet så att ett filtlager inte skapas utan komposten snabbt kan brytas ner och näringsämnen frigörs.   </p>
<!-- /wp:paragraph --><!-- wp:image {""id"":14935,""sizeSlug"":""large"",""translatedWithWPMLTM"":""1""} -->
<figure class=""wp-block-image size-large""><img src=""https://organifer.com/wp-content/uploads/2020/08/Organifergazongraszaadinzaaien10-1024x1024.png"" alt=""perfekt gr&#xE4;smattor"" class=""wp-image-14935""/><figcaption>Mulka gräset fint och låt klippet ligga kvar</figcaption></figure>
<!-- /wp:image --><!-- wp:heading {""translatedWithWPMLTM"":""1""} -->
<h2>Vill du komma igång nu själv eller vill ha mer information?</h2>
<!-- /wp:heading --><!-- wp:paragraph {""translatedWithWPMLTM"":""1""} -->
<p>Entusiastisk efter detta klippråd för perfekt gräs? Se vårt utbud av <a rel=""noreferrer noopener"" href=""/nl?product_cat=graszaden"" target=""_blank"">gräsfrön</a> och <a rel=""noreferrer noopener"" href=""/nl?product_cat=gazon-meststoffen"" target=""_blank"">gödningsmedel</a> Fler förklaringar och tips om gräsklippning? Se filmen ""Allt om gräsklippning"" nedan.  </p>
<!-- /wp:paragraph --><!-- wp:paragraph {""translatedWithWPMLTM"":""1""} -->
<p>Om du har några frågor till följd av denna artikel kan du alltid kontakta oss så hjälper vi dig gärna.</p>
<!-- /wp:paragraph -->",Dessa klipptips garanterar en perfekt gräsmatta! %%sep%% Organifer,Vad är den ideala klipphöjden? Vilken gräsklippare ska jag använda? Hur ofta ska jag klippa? Smarta klipptips för vacker gräsmatta!
gid://shopify/Article/614467010884,Löv på gräsmattan!,"<!-- wp:paragraph {""translatedWithWPMLTM"":""1""} -->
<p>Den största fienden i november för en perfekt gräsmatta är trädens löv! Nu är vi fans av biologisk mångfald och träd. Men på hösten är löv ett hot mot den perfekta gräsmattan. Eftersom nedfallna löv bildar ett täcke ovanpå gräset blockerar det solljus och håller kvar fukt. Ljus är en avgörande del av gräsets livscykel. För mycket fukt skapar den idealiska miljön för utveckling av sjukdomar och svampar.     </p>
<!-- /wp:paragraph --><!-- wp:heading {""translatedWithWPMLTM"":""1""} -->
<h2 id=""h-wekelijks-blad-verwijderen-van-het-gazon"">Ta bort löv från gräsmattan varje vecka</h2>
<!-- /wp:heading --><!-- wp:gallery {""ids"":[15999,16000],""translatedWithWPMLTM"":""1""} -->
<figure class=""wp-block-gallery columns-2 is-cropped""><ul class=""blocks-gallery-grid""><li class=""blocks-gallery-item""><figure><img src=""https://organifer.com/wp-content/uploads/2020/11/Bladeren-op-het-gazon-verwijderen-organifer-1024x1024.png"" alt=""L&#xF6;v p&#xE5; gr&#xE4;smattan &#xE4;r den st&#xF6;rsta fienden p&#xE5; h&#xF6;sten"" data-id=""15999"" data-full-url=""https://organifer.com/wp-content/uploads/2020/11/Bladeren-op-het-gazon-verwijderen-organifer.png"" data-link=""https://organifer.com/?attachment_id=15999"" class=""wp-image-15999""/><figcaption class=""blocks-gallery-item__caption"">Löv på gräsmattan är den största fienden på hösten</figcaption></figure></li><li class=""blocks-gallery-item""><figure><img src=""https://organifer.com/wp-content/uploads/2020/11/Bladeren-van-gazon-verwijderen-met-bladblazer-organifer-1024x1024.png"" alt=""Bl&#xE5;s bort l&#xF6;v fr&#xE5;n gr&#xE4;smattan med en l&#xF6;vbl&#xE5;sare"" data-id=""16000"" data-full-url=""https://organifer.com/wp-content/uploads/2020/11/Bladeren-van-gazon-verwijderen-met-bladblazer-organifer.png"" data-link=""https://organifer.com/?attachment_id=16000"" class=""wp-image-16000""/><figcaption class=""blocks-gallery-item__caption"">Blås bort löv från gräsmattan med en lövblåsare</figcaption></figure></li></ul></figure>
<!-- /wp:gallery --><!-- wp:paragraph {""translatedWithWPMLTM"":""1""} -->
<p>Att ta bort löv varje vecka är mycket viktigt för gräsets hälsa och ger därmed mindre chans till mossa och sjukdomar.</p>
<!-- /wp:paragraph --><!-- wp:paragraph {""translatedWithWPMLTM"":""1""} -->
<p>Löv i ditt gräs är inte bra. Först kväver det gräs. För det andra är det inte längre något ljus och det finns risk för ett filtlager. Se till att du tar bort löven i tid innan de blir hala och ruttnar. Några löv spelar ingen roll, men nu faller plötsligt många av dem från träden. Tills alla löv på träden är alerta är det viktigt att vara alert. För att få en vacker gräsmatta nästa år är det avgörande att göra ändringar i tid. Att lämna ruttna löv orsakar också kala fläckar på din gräsmatta. Det kväver gräsväxterna.       </p>
<!-- /wp:paragraph --><!-- wp:heading {""translatedWithWPMLTM"":""1""} -->
<h2 id=""h-laat-het-blad-in-uw-tuin"">Lämna löven i din trädgård!</h2>
<!-- /wp:heading --><!-- wp:paragraph {""translatedWithWPMLTM"":""1""} -->
<p>Det är inte nödvändigt att ta bort alla löv från trädgården. Du kan täcka perennerna med det för att skydda dem från vintern. Om det finns mycket löv kan en komposthög också göras. Lämna det i alla fall inte på din gräsmatta.   </p>
<!-- /wp:paragraph --><!-- wp:heading {""translatedWithWPMLTM"":""1""} -->
<h2 id=""h-manieren-om-bladeren-van-het-gazon-te-verwijderen"">Sätt att ta bort löv från gräsmattan</h2>
<!-- /wp:heading --><!-- wp:list {""ordered"":true,""translatedWithWPMLTM"":""1""} -->
<ol><li>Med en gräskratta</li><li>Klipper med en uppsamlingslåda</li><li>Lövblåsare</li></ol>
<!-- /wp:list --><!-- wp:heading {""level"":3,""translatedWithWPMLTM"":""1""} -->
<h3 id=""h-met-een-grashark-bladeren-wegharken-uit-gras"">Kratta löv från gräs med en gräskratta</h3>
<!-- /wp:heading --><!-- wp:paragraph {""translatedWithWPMLTM"":""1""} -->
<p id=""h-bladeren-wegharken-uit-grasverwijderen-van-bladeren-met-een-grashark-is-de-eenvoudigste-methode-voor-de-wat-kleinere-tuinen-je-verzamelt-al-het-blad-en-dit-ruim-je-op-heb-je-een-groter-gazon-kies-dan-voor-methode-2-of-3-de-voortuin-zojuist-maar-even-met-een-grashark-gedaan-en-dat-was-maar-goed-ook-want-nu-zag-ik-de-prachtige-paddestoelen-welke-onder-het-bladerdek-verstopt-zaten-die-heb-ik-dus-nog-maar-even-laten-staan"">Att ta bort löv med en gräskratta är den enklaste metoden för mindre trädgårdar. Samla alla löv och gör i ordning dem. Om du har en större gräsmatta, välj metod 2 eller 3.<br/> Vid borttagning med gräskrattan är det viktigt att inte repa gräsmattan för hårt så att gräsmattan inte skadas. Bladen kan krattas mellan perennerna i bården. Om det fryser kommer växterna att tacka dig för ett lövskydd.    </p>
<!-- /wp:paragraph --><!-- wp:heading {""level"":3,""translatedWithWPMLTM"":""1""} -->
<h3 id=""h-maaien-met-een-grasmaaier-met-opvangbak"">Klippning med gräsklippare med uppsamlingslåda</h3>
<!-- /wp:heading --><!-- wp:paragraph {""translatedWithWPMLTM"":""1""} -->
<p>Om du äger en <a href=""https://organifer.com/nl/maai-tips-voor-perfect-gazon/"">gräsklippare</a> med uppsamlingsbänk vet du säkert att klipparen fungerar som en sorts dammsugare. Bladen sugs in och samlas i uppsamlingsbehållaren. Detta är ett bra sätt för större gräsmattor om det är en åkgräsklippare med en stor uppsamlingslåda. Se till att löven är torra vid 'klippning' så att avloppsröret inte blir igensatt och det inte blir några fula märken i gräsmattan. Bladen kommer att strimlas av knivar och kan kastas mellan bårdarna eller på komposthögen.      </p>
<!-- /wp:paragraph --><!-- wp:heading {""level"":3,""translatedWithWPMLTM"":""1""} -->
<h3 id=""h-blad-verwijderen-van-het-gazon-met-een-bladblazer"">Ta bort löv från gräsmattan med en lövblåsare</h3>
<!-- /wp:heading --><!-- wp:paragraph {""translatedWithWPMLTM"":""1""} -->
<p>Att ta bort löv med lövblås är det snabbaste sättet för större gräsmattor. Du blåser in löven i växtkanterna, så att de även bildar ett vintertäcke för dina perenner. Se till att hålla lövblåsaren tillräckligt horisontell. Annars finns risk för skador på gräsmattan. Fördelen med en <a href=""https://www.google.com/search?sxsrf=ALeKk01uHU92pHC7h7DbZYpcgLBGsmenuQ%3A1604309974418&amp;ei=1tOfX-OOGZKfgQak3YjYCg&amp;q=bladblazer&amp;oq=bladblazer&amp;gs_lcp=CgZwc3ktYWIQAzIECAAQRzIECAAQRzIECAAQRzIECAAQRzIECAAQRzIECAAQRzIECAAQRzIECAAQR1AAWABg-pgBaABwA3gAgAEAiAEAkgEAmAEAqgEHZ3dzLXdpesgBCMABAQ&amp;sclient=psy-ab&amp;ved=0ahUKEwjj0YmxyOPsAhWST8AKHaQuAqsQ4dUDCA0&amp;uact=5"" target=""_blank"" rel=""noreferrer noopener"">lövblåsare</a> är att löven finns kvar i din trädgård och ändå har en användbar funktion.    </p>
<!-- /wp:paragraph --><!-- wp:heading {""translatedWithWPMLTM"":""1""} -->
<h2 id=""h-gazon-najaarsbemesting"">Gräsmatta Höstgödsling</h2>
<!-- /wp:heading --><!-- wp:paragraph {""translatedWithWPMLTM"":""1""} -->
<p>Efter att ha tagit bort löven är det lämpligt att förse gräsmattan med höstgödsel. Organifer har utvecklat en hösthärdare speciellt för att hjälpa gräsmattor och gräs att komma in i vintern starkt. Läs mer om detta i nästa: <a href=""https://organifer.com/nl/najaar-gazon-bemesting-voor-sterk-en-gezond-gras/"" target=""_blank"" rel=""noreferrer noopener"">höstgödslingsblogg.</a>   </p>
<!-- /wp:paragraph --><!-- wp:gallery {""ids"":[14574,14569,14568,14566,14564,14563],""translatedWithWPMLTM"":""1""} -->
<figure class=""wp-block-gallery columns-3 is-cropped""><ul class=""blocks-gallery-grid""><li class=""blocks-gallery-item""><figure><img src=""https://organifer.com/wp-content/uploads/2020/07/Najaar-Afharder-Meststof-3in1-1024x1024.png"" alt="""" data-id=""14574"" data-full-url=""https://organifer.com/wp-content/uploads/2020/07/Najaar-Afharder-Meststof-3in1.png"" data-link=""https://organifer.com/?attachment_id=14574"" class=""wp-image-14574""/></figure></li><li class=""blocks-gallery-item""><figure><img src=""https://organifer.com/wp-content/uploads/2020/07/Najaar-Afharder-Meststof-3in1-7-1024x1024.png"" alt="""" data-id=""14569"" data-full-url=""https://organifer.com/wp-content/uploads/2020/07/Najaar-Afharder-Meststof-3in1-7.png"" data-link=""https://organifer.com/?attachment_id=14569"" class=""wp-image-14569""/></figure></li><li class=""blocks-gallery-item""><figure><img src=""https://organifer.com/wp-content/uploads/2020/07/Najaar-Afharder-Meststof-3in1-6-1024x1024.png"" alt=""H&#xF6;stens g&#xF6;dsling gr&#xE4;smatta"" data-id=""14568"" data-full-url=""https://organifer.com/wp-content/uploads/2020/07/Najaar-Afharder-Meststof-3in1-6.png"" data-link=""https://organifer.com/?attachment_id=14568"" class=""wp-image-14568""/></figure></li><li class=""blocks-gallery-item""><figure><img src=""https://organifer.com/wp-content/uploads/2020/07/Najaar-Afharder-Meststof-3in1-4-1024x1024.png"" alt=""Organifer H&#xF6;stg&#xF6;dsling"" data-id=""14566"" data-full-url=""https://organifer.com/wp-content/uploads/2020/07/Najaar-Afharder-Meststof-3in1-4.png"" data-link=""https://organifer.com/?attachment_id=14566"" class=""wp-image-14566""/><figcaption class=""blocks-gallery-item__caption"">För en stark och mörkgrön gräsmatta!</figcaption></figure></li><li class=""blocks-gallery-item""><figure><img src=""https://organifer.com/wp-content/uploads/2020/07/Najaar-Afharder-Meststof-3in1-2-1024x1024.png"" alt="""" data-id=""14564"" data-full-url=""https://organifer.com/wp-content/uploads/2020/07/Najaar-Afharder-Meststof-3in1-2.png"" data-link=""https://organifer.com/?attachment_id=14564"" class=""wp-image-14564""/><figcaption class=""blocks-gallery-item__caption"">Återställ gräsmattan från sommaren på hösten</figcaption></figure></li><li class=""blocks-gallery-item""><figure><img src=""https://organifer.com/wp-content/uploads/2020/07/Najaar-Afharder-Meststof-3in1-1-1024x1024.png"" alt=""H&#xF6;stg&#xF6;dsel 3in1"" data-id=""14563"" data-full-url=""https://organifer.com/wp-content/uploads/2020/07/Najaar-Afharder-Meststof-3in1-1.png"" data-link=""https://organifer.com/?attachment_id=14563"" class=""wp-image-14563""/><figcaption class=""blocks-gallery-item__caption"">Höstgödsel 3in1</figcaption></figure></li></ul></figure>
<!-- /wp:gallery -->",Att ta bort löv på gräsmattan förhindrar skador %%sep%% Organifer,På hösten är löv ett hot mot gräsmattan. Blad blockerar solljus och behåller fukt med risk för mögel.
gid://shopify/Article/614467043652,Stenkorn CO2-bindemedel!,"<!-- wp:heading {""translatedWithWPMLTM"":""1""} -->
<h2 id=""h-met-steengruis-de-opwarming-te-lijf""><strong>Bekämpar den globala uppvärmningen med stendamm</strong></h2>
<!-- /wp:heading --><!-- wp:paragraph {""translatedWithWPMLTM"":""1""} -->
<p>Genom att massivt ""gödsla"" jordbruksmark med krossad sten kunde vi ta bort stora mängder kol från atmosfären. I teorin. </p>
<!-- /wp:paragraph --><!-- wp:paragraph {""translatedWithWPMLTM"":""1""} -->
<p>För att begränsa den globala uppvärmningen till två grader Celsius räcker det inte längre att stoppa utsläppen av växthusgaser till 2050. Vi kommer också att behöva ta bort kol från atmosfären. Genom att sprida finmalt stendamm på jordbruksmarker skulle vi kunna ta bort en halv till två miljarder ton CO <sub>2</sub> från luften årligen, beräknar ett internationellt team av forskare i <em>Nature.</em>  </p>
<!-- /wp:paragraph --><!-- wp:paragraph -->
<p></p>
<!-- /wp:paragraph --><!-- wp:paragraph {""translatedWithWPMLTM"":""1""} -->
<p>Mer specifikt handlar det om bergarter som basalt, som innehåller silikater. Dessa mineraler reagerar med CO <sub>2</sub> från luften vid vittring under fuktiga förhållanden. Kolet hamnar i bikarbonatjoner (HCO <sub>3</sub> <sup>-</sup> ), som slutligen hamnar i havet via regnvattenavrinning. Där hamnar en del av kolet som kalciumkarbonat (CaCO <sub>3</sub> ) i skal, kräftdjur och koraller, och när de dör, till sist på havsbotten.   </p>
<!-- /wp:paragraph --><!-- wp:paragraph {""translatedWithWPMLTM"":""1""} -->
<p>""I naturen är den här processen mycket långsam"", säger biologen Ivan Janssens (Universitetet i Antwerpen), som bidragit till studien. ""Men vi kan påskynda vittringen genom att mala stenmassorna, vilket gör att fler silikater kommer i kontakt med CO <sub>2</sub> ."" Forskarna ser detta tillvägagångssätt som ett sätt att ta bort kol från atmosfären i stor skala och därmed bromsa klimatuppvärmningen. </p>
<!-- /wp:paragraph --><!-- wp:paragraph -->
<p></p>
<!-- /wp:paragraph --><!-- wp:heading {""translatedWithWPMLTM"":""1""} -->
<h2 id=""h-geen-competitie""><strong>Ingen konkurrens</strong></h2>
<!-- /wp:heading --><!-- wp:paragraph {""translatedWithWPMLTM"":""1""} -->
<p>Enligt deras beräkningar är teknikens potential störst i Kina, USA och Indien, länder med mycket jordbruksmark och av en slump också de största utsläpparna av växthusgaser. I Europa är alternativen mer begränsade på grund av den mindre jordbruksarealen. Ändå skulle de fem länderna med störst potential - inklusive Tyskland, Spanien och Polen - kunna ta bort cirka en tredjedel av Europas årliga <sub>CO2</sub> från luften.  </p>
<!-- /wp:paragraph --><!-- wp:paragraph {""translatedWithWPMLTM"":""1""} -->
<p>""Den stora fördelen är att du inte behöver välja mellan markanvändning för mat, energigrödor eller skog"" biolog Ivan Janssens (UAntwerpen)</p>
<!-- /wp:paragraph --><!-- wp:paragraph {""translatedWithWPMLTM"":""1""} -->
<p>Forskarna påpekar att potentialen för accelererad vittring är jämförbar med den för mer kända tekniker, såsom (åter)skogsodling, införande av mer organiskt material i jordbruksjordar och odling av energigrödor i kombination med avskiljning och lagring av kol. – Den stora fördelen här är att det inte finns någon konkurrens om marken, säger Janssens. – Du behöver inte välja mellan att använda mark för mat, energigrödor eller skog. Eftersom du fortfarande kan odla mat på ""gödslade"" jordar. Eftersom du även applicerar andra mikronäringsämnen som zink och selen, och eftersom mineralerna också hjälper till att motverka torkstress och försurning, förväntar vi oss till och med en positiv effekt på livsmedelsproduktionen.   </p>
<!-- /wp:paragraph --><!-- wp:heading {""translatedWithWPMLTM"":""1""} -->
<h2 id=""h-baksteen-en-beton""><strong>Tegel och betong</strong></h2>
<!-- /wp:heading --><!-- wp:paragraph {""translatedWithWPMLTM"":""1""} -->
<p>Tekniken är inte helt ny. Stenmjöl används redan som jordförbättringsmedel i bland annat ekologiskt jordbruk. – Skillnaden ligger i skalan, säger Janssens. ""Vi antar en årlig applicering på 40 ton per hektar."" Var kommer allt det där stendamm ifrån? – Det är inte meningen att bryta silikathaltigt berg i stor skala speciellt för detta ändamål, säger Janssens. ""Men stora mängder spillror är tillgängliga över hela världen som en biprodukt av gruvdrift. Vissa rester från metallindustrin och till och med krossat tegel och betong är också perfekt användbara.'       </p>
<!-- /wp:paragraph --><!-- wp:paragraph {""translatedWithWPMLTM"":""1""} -->
<p>Hur mycket ska det kosta? Forskarna uppskattar att det, beroende på arbets- och energikostnader per land, skulle kosta mellan $75 och $250 att ta bort ett ton <sub>CO2</sub> från luften med hjälp av accelererad vittring, och att denna kostnad skulle minska i takt med att tekniken blir mer allmänt använd. Enligt Världsbankens förväntningar kommer priset för att släppa ut ett ton CO <sub>2</sub> att nå $100 till $150 år 2050. I så fall skulle tekniken bli lönsam på många håll, snabbast i växande länder som Indien, Kina, Indonesien och Brasilien.   </p>
<!-- /wp:paragraph --><!-- wp:heading {""translatedWithWPMLTM"":""1""} -->
<h2 id=""h-grote-onzekerheid""><strong>Stor osäkerhet</strong></h2>
<!-- /wp:heading --><!-- wp:paragraph {""translatedWithWPMLTM"":""1""} -->
<p>Forskarna har bestämt potentialen för accelererad vittring baserat på laboratorietester och modeller. Testerna i labbet undersöker bland annat hur snabbt sten vittrar i jordar i krukor och hur mycket kol som lagras. Modellerna tar bland annat hänsyn till mängden jordbruksmark och närheten till lämpligt berg – det är ingen idé att släpa stenmassorna tusentals kilometer. ""Osäkerheten är enorm"", erkänner Janssens. ""Vi behöver akut fälttester för att få mer insikt om hur snabbt dessa processer sker i praktiken och hur vi kan påskynda dem.""    </p>
<!-- /wp:paragraph --><!-- wp:paragraph {""translatedWithWPMLTM"":""1""} -->
<p>– Även om vi minskar CO <sub>2</sub> -utsläppen till noll till 2050 kommer vi inte längre att kunna hålla uppvärmningen under två grader Celsius, säger Janssens. ”För att göra detta måste vi ta bort överskott av CO <sub>2</sub> från luften. Enligt IPCC upp till 10 miljarder ton årligen under andra hälften av detta århundrade. Vi kommer att behöva alla möjliga tekniker för detta. Ju tidigare vi börjar med detta, desto mindre är chansen att uppvärmningen överstiger farliga tipppunkter.'    </p>
<!-- /wp:paragraph --><!-- wp:paragraph {""translatedWithWPMLTM"":""1""} -->
<p><strong>Organifer stenmjöl</strong></p>
<!-- /wp:paragraph --><!-- wp:paragraph {""translatedWithWPMLTM"":""1""} -->
<p>Vi har olika stenmjöl i vårt sortiment. Till exempel innehåller både lavamjöl, basaltmjöl och lavagrins silikater och bidrar till Co2-bindning. </p>
<!-- /wp:paragraph --><!-- wp:woocommerce/handpicked-products {""products"":[14470,14473,14463]} /--><!-- wp:paragraph -->
<p></p>
<!-- /wp:paragraph -->",%%title%% lava grit - lava mjöl %%sep%% Organifer,Vi har olika stenmjöl med silikater som ger effektiv CO2-bindning. Detta gör att vi kan ta bort kol från atmosfären.
gid://shopify/Article/614467076420,Optimalt PH-värde i jorden,"<!-- wp:paragraph {""translatedWithWPMLTM"":""1""} -->
<p>Varje växt och gröda har sin egen jordpreferens. Förutom näringsämnen är också jordens PH viktig. Vi särskiljer pH-preferensen i 3 växter: syraälskande, pH-neutral och limeälskande. Varje växt har sin egen föredragna surhet (pH). Om ett pH är för högt eller för lågt för en växt blir upptaget av näringsämnen inte optimalt. Lyckligtvis kan du påverka jordens surhet för att ge varje växt en idealisk grogrund. Använd våra kalkgödselmedel som <a href=""https://organifer.com/sv/c/jordforbattrare/kalk-granular-godsel/"" target=""_blank"" rel=""noreferrer noopener"">kalkmagnesiumgranulat</a> eller ren <a href=""https://organifer.com/sv/c/jordforbattrare/algkalk-lithothamnium-calcareum/"" target=""_blank"" rel=""noreferrer noopener"">algkalk</a> . Nedan har vi tydligt visat växtpreferenserna i alfabetisk ordning.         </p>
<!-- /wp:paragraph --><!-- wp:paragraph -->
<p></p>
<!-- /wp:paragraph --><!-- wp:table {""className"":""is-style-stripes"",""translatedWithWPMLTM"":""1""} -->
<figure class=""wp-block-table is-style-stripes""><table><tbody><tr><td>latinskt namn</td><td>holländskt namn</td><td>Föredraget mark</td><td></td><td></td></tr><tr><td></td><td>Bär</td><td>NeutralDet ideala pH-värdet är mellan 6 och 6,4</td><td></td><td></td></tr><tr><td></td><td>Bladgrönsaker</td><td>NeutralDet ideala pH-värdet är mellan 6,2 och 6,6</td><td></td><td></td></tr><tr><td></td><td>Vintergröna buskar</td><td>NeutralDet ideala pH-värdet är mellan 6,2 och 6,6</td><td></td><td></td></tr><tr><td></td><td>Blommande växter</td><td>NeutralDet ideala pH-värdet är mellan 6,2 och 6,6</td><td></td><td></td></tr><tr><td></td><td>Blommor</td><td>NeutralDet ideala pH-värdet är mellan 6,6 och 7</td><td></td><td></td></tr><tr><td></td><td>Bonsai</td><td>NeutralDet ideala pH-värdet är mellan 5,8 och 6,2</td><td></td><td></td></tr><tr><td></td><td>Frukt</td><td>NeutralDet ideala pH-värdet är mellan 6 och 6,4</td><td></td><td></td></tr><tr><td></td><td>Fruktträd</td><td>NeutralDet ideala pH-värdet är mellan 6 och 6,4</td><td></td><td></td></tr><tr><td></td><td>Gräsmatta</td><td>NeutralDet ideala pH-värdet är mellan 6,2 och 6,6</td><td></td><td></td></tr><tr><td></td><td>Grönsaker</td><td>Neutral - Limeälskande Det ideala pH-värdet är mellan 6,3 och 6,7</td><td></td><td></td></tr><tr><td></td><td>Hagen</td><td>NeutralDet ideala pH-värdet är mellan 6 och 6,4</td><td></td><td></td></tr><tr><td></td><td>Limeälskande växter</td><td>Lime-älskandeDet ideala pH-värdet är mellan 6,8 och 7,2</td><td></td><td></td></tr><tr><td></td><td>Krukväxter</td><td>NeutralDet ideala pH-värdet är mellan 6 och 6,4</td><td></td><td></td></tr><tr><td></td><td>Liten frukt</td><td>NeutralDet ideala pH-värdet är mellan 6 och 6,4</td><td></td><td></td></tr><tr><td></td><td>Klätterväxt</td><td>NeutralDet ideala pH-värdet är mellan 6,4 och 6,8</td><td></td><td></td></tr><tr><td></td><td>Knöl, lök och rotfrukter</td><td>NeutralDet ideala pH-värdet är mellan 6,5 och 6,9</td><td></td><td></td></tr><tr><td></td><td>Kryddor</td><td>NeutralDet ideala pH-värdet är mellan 6,5 och 6,9</td><td></td><td></td></tr><tr><td></td><td>Medelhavsväxt</td><td>NeutralDet ideala pH-värdet är mellan -0,2 och 0,2</td><td></td><td></td></tr><tr><td></td><td>Orkide</td><td>Syraälskande Det ideala pH-värdet är mellan 4,8 och 5,2</td><td></td><td></td></tr><tr><td></td><td>Baljväxter</td><td>NeutralDet ideala pH-värdet är mellan 6,5 och 6,9</td><td></td><td></td></tr><tr><td></td><td>Prydnadsgräs</td><td>NeutralDet ideala pH-värdet är mellan -0,2 och 0,2</td><td></td><td></td></tr><tr><td></td><td>Prydnadsväxter</td><td>NeutralDet ideala pH-värdet är mellan 6,2 och 6,6</td><td></td><td></td></tr><tr><td></td><td>Prydnadsträdgård</td><td>NeutralDet ideala pH-värdet är mellan 6,2 och 6,6</td><td></td><td></td></tr><tr><td></td><td>Gröna bönor</td><td>NeutralDet ideala pH-värdet är mellan 6,5 och 6,9</td><td></td><td></td></tr><tr><td></td><td>Strängbönor</td><td>NeutralDet ideala pH-värdet är mellan 6,5 och 6,9</td><td></td><td></td></tr><tr><td></td><td>Terrassanläggning</td><td>NeutralDet ideala pH-värdet är mellan -0,2 och 0,2</td><td></td><td></td></tr><tr><td></td><td>Bondbönor</td><td>NeutralDet ideala pH-värdet är mellan 6,5 och 6,9</td><td></td><td></td></tr><tr><td></td><td>Suckulent växt</td><td>NeutralDet ideala pH-värdet är mellan -0,2 och 0,2</td><td></td><td></td></tr><tr><td></td><td>Damm</td><td>NeutralDet ideala pH-värdet är mellan -0,2 och 0,2</td><td></td><td></td></tr><tr><td></td><td>Fruktgrödor</td><td>NeutralDet ideala pH-värdet är mellan 6,4 och 6,8</td><td></td><td></td></tr><tr><td></td><td>Rotfrukter</td><td>NeutralDet ideala pH-värdet är mellan 6,5 och 6,9</td><td></td><td></td></tr><tr><td></td><td>Syraälskande växter</td><td>Syraälskande Det ideala pH-värdet är mellan 4,8 och 5,2</td><td></td><td></td></tr><tr><td>Abies balsamea</td><td>Balsam silvergran</td><td>Neutral - Limeälskande Det ideala pH-värdet är mellan 6,3 och 6,7</td><td></td><td></td></tr><tr><td>Abies concolor</td><td>Colorado silvergran</td><td>Syraälskande - NeutralDet ideala pH-värdet är mellan 5,3 och 5,7</td><td></td><td></td></tr><tr><td>Abies homolepis</td><td>Nikko silvergran</td><td>Syraälskande - NeutralDet ideala pH-värdet är mellan 5,3 och 5,7</td><td></td><td></td></tr><tr><td>Abies koreana</td><td>koreansk gran</td><td>Neutral - Limeälskande Det ideala pH-värdet är mellan 6,3 och 6,7</td><td></td><td></td></tr><tr><td>Abies lasiocarpa</td><td>korkgran (silvergran)</td><td>Neutral - Limeälskande Det ideala pH-värdet är mellan 6,3 och 6,7</td><td></td><td></td></tr><tr><td>Abies nordmanniana</td><td>Nordmannsgran</td><td>Neutral - Limeälskande Det ideala pH-värdet är mellan 6,3 och 6,7</td><td></td><td></td></tr><tr><td>Abies pinsapo</td><td>Spansk silvergran</td><td>Neutral - Limeälskande Det ideala pH-värdet är mellan 6,3 och 6,7</td><td></td><td></td></tr><tr><td>Abies procera</td><td>Ädelgran</td><td>Syraälskande - NeutralDet ideala pH-värdet är mellan 5,3 och 5,7</td><td></td><td></td></tr><tr><td>Abies veitchii</td><td>japansk gran</td><td>Syraälskande - NeutralDet ideala pH-värdet är mellan 5,3 och 5,7</td><td></td><td></td></tr><tr><td>Aprikos</td><td>Aprikos</td><td>NeutralDet ideala pH-värdet är mellan 5,8 och 6,2</td><td></td><td></td></tr><tr><td>Abutilon</td><td>Abutilon</td><td>NeutralDet ideala pH-värdet är mellan 5,8 och 6,2</td><td></td><td></td></tr><tr><td>Acer campestre</td><td>Åkerlönn, spansk ek</td><td>NeutralDet ideala pH-värdet är mellan 5,8 och 6,2</td><td></td><td></td></tr><tr><td>Acer negundo</td><td>Fjäderlönn</td><td>NeutralDet ideala pH-värdet är mellan 5,8 och 6,2</td><td></td><td></td></tr><tr><td>Acer palmatum</td><td>Japansk lönn</td><td>NeutralDet ideala pH-värdet är mellan 5,8 och 6,2</td><td></td><td></td></tr><tr><td>Acer pensylvanicum</td><td>Koralllönn</td><td>NeutralDet ideala pH-värdet är mellan 5,8 och 6,2</td><td></td><td></td></tr><tr><td>Acer plantanoides</td><td>Norge lönn</td><td>Neutral - Limeälskande Det ideala pH-värdet är mellan 6,3 och 6,7</td><td></td><td></td></tr><tr><td>Acer pseudoplatanus</td><td>Vanlig lönn</td><td>Neutral - Limeälskande Det ideala pH-värdet är mellan 6,3 och 6,7</td><td></td><td></td></tr><tr><td>Acer rubrum</td><td>Röd lönn</td><td>Syraälskande - NeutralDet ideala pH-värdet är mellan 5,3 och 5,7</td><td></td><td></td></tr><tr><td>Acer rufinerve</td><td>Snakebark lönn</td><td>NeutralDet ideala pH-värdet är mellan 5,8 och 6,2</td><td></td><td></td></tr><tr><td>Acer saccharinum</td><td>Vit lönn</td><td>NeutralDet ideala pH-värdet är mellan 5,8 och 6,2</td><td></td><td></td></tr><tr><td>Acer saccharum</td><td>Socker lönn</td><td>NeutralDet ideala pH-värdet är mellan 5,8 och 6,2</td><td></td><td></td></tr><tr><td>Achimenes</td><td>Achimenes</td><td>Syraälskande - NeutralDet ideala pH-värdet är mellan 5,3 och 5,7</td><td></td><td></td></tr><tr><td>Actinidia arguta</td><td>Kiwibär</td><td>NeutralDet ideala pH-värdet är mellan 5,8 och 6,2</td><td></td><td></td></tr><tr><td>Actinidia chinesis</td><td>Kinesisk krusbär, Kiwi</td><td>NeutralDet ideala pH-värdet är mellan 5,8 och 6,2</td><td></td><td></td></tr><tr><td>Adiantum</td><td>Venus hår</td><td>Syraälskande Det ideala pH-värdet är mellan 4,8 och 5,2</td><td></td><td></td></tr><tr><td>Aechmea</td><td>Knölbromeliad</td><td>Syraälskande - NeutralDet ideala pH-värdet är mellan 5,3 och 5,7</td><td></td><td></td></tr><tr><td>Aesculus carnea</td><td>Röd hästkastanj</td><td>Neutral - Limeälskande Det ideala pH-värdet är mellan 6,3 och 6,7</td><td></td><td></td></tr><tr><td>Aesculus hippocastanum</td><td>Hästkastanj</td><td>NeutralDet ideala pH-värdet är mellan 6,2 och 6,6</td><td></td><td></td></tr><tr><td>Aesculus parviflora</td><td>Småblommig kastanj</td><td>Neutral - Limeälskande Det ideala pH-värdet är mellan 6,3 och 6,7</td><td></td><td></td></tr><tr><td>Agapanthus</td><td>afrikansk lilja</td><td>NeutralDet ideala pH-värdet är mellan 5,8 och 6,2</td><td></td><td></td></tr><tr><td>Ailanthus altissima</td><td>Himlens träd</td><td>NeutralDet ideala pH-värdet är mellan 5,8 och 6,2</td><td></td><td></td></tr><tr><td>Akebia</td><td>Chokladranka</td><td>NeutralDet ideala pH-värdet är mellan 5,8 och 6,2</td><td></td><td></td></tr><tr><td>Allium cepa</td><td>Lök</td><td>NeutralDet ideala pH-värdet är mellan 6,5 och 6,9</td><td></td><td></td></tr><tr><td>Allium porrum</td><td>Purjolök</td><td>NeutralDet ideala pH-värdet är mellan 6,5 och 6,9</td><td></td><td></td></tr><tr><td>Alnus cordata</td><td>Els</td><td>Neutral - Limeälskande Det ideala pH-värdet är mellan 6,3 och 6,7</td><td></td><td></td></tr><tr><td>Alnus glutinosa</td><td>Svart al</td><td>Syraälskande - NeutralDet ideala pH-värdet är mellan 5,3 och 5,7</td><td></td><td></td></tr><tr><td>Alnus incana</td><td>Al (grå)</td><td>Lime-älskandeDet ideala pH-värdet är mellan 6,8 och 7,2</td><td></td><td></td></tr><tr><td>Alstromeria</td><td>Inkalilja</td><td>NeutralDet ideala pH-värdet är mellan 5,8 och 6,2</td><td></td><td></td></tr><tr><td>Amaranthus-Fuchsschwanz</td><td>Amaranth</td><td>Syraälskande - NeutralDet ideala pH-värdet är mellan 5,3 och 5,7</td><td></td><td></td></tr><tr><td>Amelanchier laevis</td><td>Vinbärsträd, bergmispel</td><td>Neutral - Limeälskande Det ideala pH-värdet är mellan 6,3 och 6,7</td><td></td><td></td></tr><tr><td>Amelanchier lamarckii</td><td>Amerikanskt tidningsträd</td><td>Neutral - Limeälskande Det ideala pH-värdet är mellan 6,3 och 6,7</td><td></td><td></td></tr><tr><td>Amorpha</td><td>Amorpha</td><td>Neutral - Limeälskande Det ideala pH-värdet är mellan 6,3 och 6,7</td><td></td><td></td></tr><tr><td>Ananas</td><td>Ananas</td><td>Syraälskande - NeutralDet ideala pH-värdet är mellan 5,3 och 5,7</td><td></td><td></td></tr><tr><td>Anemon coronaria</td><td>Trädgårdsanemon</td><td>Syraälskande - NeutralDet ideala pH-värdet är mellan 5,3 och 5,7</td><td></td><td></td></tr><tr><td>Anthurium</td><td>Flamingoväxt</td><td>Syraälskande Det ideala pH-värdet är mellan 4,8 och 5,2</td><td></td><td></td></tr><tr><td>Antirrhinum</td><td>Lejongap</td><td>Syraälskande - NeutralDet ideala pH-värdet är mellan 5,3 och 5,7</td><td></td><td></td></tr><tr><td>Aphelandra squarrosa</td><td>Aphelandra</td><td>Syraälskande - NeutralDet ideala pH-värdet är mellan 5,3 och 5,7</td><td></td><td></td></tr><tr><td>Apium graveolens rapaceum</td><td>Rotselleri</td><td>NeutralDet ideala pH-värdet är mellan 6,5 och 6,9</td><td></td><td></td></tr><tr><td>Orange</td><td>Orange</td><td>NeutralDet ideala pH-värdet är mellan 5,8 och 6,2</td><td></td><td></td></tr><tr><td>Aralia elata</td><td>aralia</td><td>Neutral - Limeälskande Det ideala pH-värdet är mellan 6,3 och 6,7</td><td></td><td></td></tr><tr><td>Araucania araucana</td><td>Apträd, ormtall</td><td>Lime-älskandeDet ideala pH-värdet är mellan 6,8 och 7,2</td><td></td><td></td></tr><tr><td>Aristolochia macrophylla</td><td>Pipeflower</td><td>Neutral - Limeälskande Det ideala pH-värdet är mellan 6,3 och 6,7</td><td></td><td></td></tr><tr><td>Arum</td><td>Arum</td><td>Syraälskande - NeutralDet ideala pH-värdet är mellan 5,3 och 5,7</td><td></td><td></td></tr><tr><td>Sparris</td><td>Sparris</td><td>Syraälskande - NeutralDet ideala pH-värdet är mellan 5,3 och 5,7</td><td></td><td></td></tr><tr><td>Azalea indica</td><td>Kamera azalea</td><td>Syraälskande Det ideala pH-värdet är mellan 4,8 och 5,2</td><td></td><td></td></tr><tr><td>Azalea japonica</td><td>Azalea</td><td>Syraälskande Det ideala pH-värdet är mellan 4,8 och 5,2</td><td></td><td></td></tr><tr><td>Bananer</td><td>Bananer</td><td>Syraälskande - NeutralDet ideala pH-värdet är mellan 5,3 och 5,7</td><td></td><td></td></tr><tr><td>Begonia</td><td>Begonia</td><td>Syraälskande - NeutralDet ideala pH-värdet är mellan 5,3 och 5,7</td><td></td><td></td></tr><tr><td>Bellis perennis</td><td>Daisy</td><td>NeutralDet ideala pH-värdet är mellan 5,8 och 6,2</td><td></td><td></td></tr><tr><td>Berberis</td><td>Berberis, berberis</td><td>Neutral - Limeälskande Det ideala pH-värdet är mellan 6,3 och 6,7</td><td></td><td></td></tr><tr><td>Beta vulgaris</td><td>Beta</td><td>NeutralDet ideala pH-värdet är mellan 6,5 och 6,9</td><td></td><td></td></tr><tr><td>Beta vulgaris ruba</td><td>Rödbeta</td><td>NeutralDet ideala pH-värdet är mellan 6,5 och 6,9</td><td></td><td></td></tr><tr><td>Beta vulgaris vulgaris</td><td>Mangold</td><td>NeutralDet ideala pH-värdet är mellan 6,5 och 6,9</td><td></td><td></td></tr><tr><td>Betula albosinensis</td><td>Kopparbjörk</td><td>Lime-älskandeDet ideala pH-värdet är mellan 6,8 och 7,2</td><td></td><td></td></tr><tr><td>Betula ermannii</td><td>Gyllene björk</td><td>Lime-älskandeDet ideala pH-värdet är mellan 6,8 och 7,2</td><td></td><td></td></tr><tr><td>Betula maximowicziana</td><td>Björk</td><td>Lime-älskandeDet ideala pH-värdet är mellan 6,8 och 7,2</td><td></td><td></td></tr><tr><td>Betula nana</td><td>Dvärgbjörk</td><td>Lime-älskandeDet ideala pH-värdet är mellan 6,8 och 7,2</td><td></td><td></td></tr><tr><td>Betula nigra</td><td>Svart björk</td><td>NeutralDet ideala pH-värdet är mellan 5,8 och 6,2</td><td></td><td></td></tr><tr><td>Betula papyrifera</td><td>Pappersbjörk</td><td>Lime-älskandeDet ideala pH-värdet är mellan 6,8 och 7,2</td><td></td><td></td></tr><tr><td>Betula pendel</td><td>Vanlig björk, grov björk, vit björk</td><td>NeutralDet ideala pH-värdet är mellan 5,8 och 6,2</td><td></td><td></td></tr><tr><td>Betula platyphylla</td><td>Japansk björk</td><td>Lime-älskandeDet ideala pH-värdet är mellan 6,8 och 7,2</td><td></td><td></td></tr><tr><td>Betula utillis</td><td>Björk (Himalaya)</td><td>Syraälskande - NeutralDet ideala pH-värdet är mellan 5,3 och 5,7</td><td></td><td></td></tr><tr><td>Björnbär</td><td>Björnbär</td><td>NeutralDet ideala pH-värdet är mellan 5,8 och 6,2</td><td></td><td></td></tr><tr><td>Brassica napus rapifera</td><td>Kålrot</td><td>NeutralDet ideala pH-värdet är mellan 6,5 och 6,9</td><td></td><td></td></tr><tr><td>Brassica oleracea</td><td>Kol</td><td>NeutralDet ideala pH-värdet är mellan 5,8 och 6,2</td><td></td><td></td></tr><tr><td>Brassica oleracea</td><td>Kålgrödor</td><td>NeutralDet ideala pH-värdet är mellan 6,6 och 7</td><td></td><td></td></tr><tr><td>Brassica oleracea botrytis</td><td>Blomkål</td><td>Lime-älskandeDet ideala pH-värdet är mellan 6,8 och 7,2</td><td></td><td></td></tr><tr><td>Brassica oleracea capitata alba</td><td>Vitkål</td><td>NeutralDet ideala pH-värdet är mellan 6,6 och 7</td><td></td><td></td></tr><tr><td>Brassica oleracea capitata ruba</td><td>Rödkål</td><td>NeutralDet ideala pH-värdet är mellan 6,6 och 7</td><td></td><td></td></tr><tr><td>Brassica oleracea gemmifera</td><td>Brysselkål</td><td>NeutralDet ideala pH-värdet är mellan 6,6 och 7</td><td></td><td></td></tr><tr><td>Brassica oleracea italica</td><td>Broccoli</td><td>NeutralDet ideala pH-värdet är mellan 6,6 och 7</td><td></td><td></td></tr><tr><td>Brassica oleracea sabauda</td><td>Savojen</td><td>NeutralDet ideala pH-värdet är mellan 6,6 och 7</td><td></td><td></td></tr><tr><td>Brassica oleracea sabellica</td><td>Grönkål</td><td>NeutralDet ideala pH-värdet är mellan 6,6 och 7</td><td></td><td></td></tr><tr><td>Brassica pekinensis</td><td>kinakål</td><td>NeutralDet ideala pH-värdet är mellan 6,6 och 7</td><td></td><td></td></tr><tr><td>Bromeliad</td><td>Bromeliad</td><td>Syraälskande Det ideala pH-värdet är mellan 4,8 och 5,2</td><td></td><td></td></tr><tr><td>Buddleja</td><td>Buddleja</td><td>Lime-älskandeDet ideala pH-värdet är mellan 6,8 och 7,2</td><td></td><td></td></tr><tr><td>Buddleia davidii</td><td>Fjärilsbuske</td><td>Lime-älskandeDet ideala pH-värdet är mellan 6,8 och 7,2</td><td></td><td></td></tr><tr><td>Buxbom</td><td>Buxbom</td><td>Lime-älskandeDet ideala pH-värdet är mellan 6,8 och 7,2</td><td></td><td></td></tr><tr><td>Cactaceae</td><td>Kaktus</td><td>Syraälskande - NeutralDet ideala pH-värdet är mellan 5,3 och 5,7</td><td></td><td></td></tr><tr><td>Calceolaria hybrider</td><td>Tofflor växt</td><td>Syraälskande - NeutralDet ideala pH-värdet är mellan 5,3 och 5,7</td><td></td><td></td></tr><tr><td>Callicarpa bodinieri</td><td>Callicarpa</td><td>Syraälskande - NeutralDet ideala pH-värdet är mellan 5,3 och 5,7</td><td></td><td></td></tr><tr><td>Calluna vulgaris</td><td>Buskljung</td><td>Syraälskande Det ideala pH-värdet är mellan 4,8 och 5,2</td><td></td><td></td></tr><tr><td>Calycanthus floridus</td><td>Kryddbuske</td><td>Neutral - Limeälskande Det ideala pH-värdet är mellan 6,3 och 6,7</td><td></td><td></td></tr><tr><td>Kamelia</td><td>Kamelia</td><td>Syraälskande Det ideala pH-värdet är mellan 4,8 och 5,2</td><td></td><td></td></tr><tr><td>Campanula</td><td>Bellflower, Bellflower</td><td>Syraälskande - NeutralDet ideala pH-värdet är mellan 5,3 och 5,7</td><td></td><td></td></tr><tr><td>Campsis radicans</td><td>Trumpetblomma, trumpetklättrare</td><td>NeutralDet ideala pH-värdet är mellan 5,8 och 6,2</td><td></td><td></td></tr><tr><td>Capsicum annuum</td><td>Paprika</td><td>NeutralDet ideala pH-värdet är mellan 5,8 och 6,2</td><td></td><td></td></tr><tr><td>Caragana arboresens</td><td>Ärtbuske</td><td>Lime-älskandeDet ideala pH-värdet är mellan 6,8 och 7,2</td><td></td><td></td></tr><tr><td>Carpinus betulus</td><td>Avenbok</td><td>Lime-älskandeDet ideala pH-värdet är mellan 6,8 och 7,2</td><td></td><td></td></tr><tr><td>Caryopteris clandonensis</td><td>Blåskägg</td><td>Lime-älskandeDet ideala pH-värdet är mellan 6,8 och 7,2</td><td></td><td></td></tr><tr><td>Castanea sativa</td><td>Äkta kastanj</td><td>NeutralDet ideala pH-värdet är mellan 5,8 och 6,2</td><td></td><td></td></tr><tr><td>Catalpa bignonioides</td><td>Trumpet träd</td><td>Lime-älskandeDet ideala pH-värdet är mellan 6,8 och 7,2</td><td></td><td></td></tr><tr><td>Cattleya</td><td>Cattleya</td><td>Syraälskande Det ideala pH-värdet är mellan 4,8 och 5,2</td><td></td><td></td></tr><tr><td>Ceanothus</td><td>Amerikansk lila</td><td>Lime-älskandeDet ideala pH-värdet är mellan 6,8 och 7,2</td><td></td><td></td></tr><tr><td>Cedrus atlantica</td><td>Atlas ceder</td><td>Lime-älskandeDet ideala pH-värdet är mellan 6,8 och 7,2</td><td></td><td></td></tr><tr><td>Cedrus deodara</td><td>Himalaya ceder</td><td>Syraälskande - NeutralDet ideala pH-värdet är mellan 5,3 och 5,7</td><td></td><td></td></tr><tr><td>Cedrus glauca</td><td>Blå Cedar</td><td>Lime-älskandeDet ideala pH-värdet är mellan 6,8 och 7,2</td><td></td><td></td></tr><tr><td>Cedrus pendula</td><td>Gråtande cederträ</td><td>Lime-älskandeDet ideala pH-värdet är mellan 6,8 och 7,2</td><td></td><td></td></tr><tr><td>Celastrus orbiculatus</td><td>Trädstrykare</td><td>Lime-älskandeDet ideala pH-värdet är mellan 6,8 och 7,2</td><td></td><td></td></tr><tr><td>Cercidiphyllum japonicum</td><td>Katsura, Judas bladträd</td><td>Lime-älskandeDet ideala pH-värdet är mellan 6,8 och 7,2</td><td></td><td></td></tr><tr><td>Cercis siliquastrum</td><td>Judas träd</td><td>Lime-älskandeDet ideala pH-värdet är mellan 6,8 och 7,2</td><td></td><td></td></tr><tr><td>Chaenomeles</td><td>Dvärgkvitten</td><td>Syraälskande - NeutralDet ideala pH-värdet är mellan 5,3 och 5,7</td><td></td><td></td></tr><tr><td>Chamaecyparis</td><td>Dvärgcypress, falsk cypress</td><td>Lime-älskandeDet ideala pH-värdet är mellan 6,8 och 7,2</td><td></td><td></td></tr><tr><td>Chionanthus virginicus</td><td>Snöflinga träd</td><td>Syraälskande - NeutralDet ideala pH-värdet är mellan 5,3 och 5,7</td><td></td><td></td></tr><tr><td>Krysantemum indica</td><td>Krysantemum (gåsblomma)</td><td>Syraälskande - NeutralDet ideala pH-värdet är mellan 5,3 och 5,7</td><td></td><td></td></tr><tr><td>Cichorium endivia</td><td>Endiv</td><td>NeutralDet ideala pH-värdet är mellan 6,2 och 6,6</td><td></td><td></td></tr><tr><td>Cissus antarktis</td><td>Cissus antarktis</td><td>Syraälskande - NeutralDet ideala pH-värdet är mellan 5,3 och 5,7</td><td></td><td></td></tr><tr><td>Citrus limon</td><td>Citronträd</td><td>Syraälskande - NeutralDet ideala pH-värdet är mellan 5,3 och 5,7</td><td></td><td></td></tr><tr><td>Klematis</td><td>Klematis</td><td>Lime-älskandeDet ideala pH-värdet är mellan 6,8 och 7,2</td><td></td><td></td></tr><tr><td>Clethra</td><td>Schijnels</td><td>NeutralDet ideala pH-värdet är mellan 5,8 och 6,2</td><td></td><td></td></tr><tr><td>Clivia minata</td><td>liljeskörd</td><td>Syraälskande - NeutralDet ideala pH-värdet är mellan 5,3 och 5,7</td><td></td><td></td></tr><tr><td>Codiaeum</td><td>Croton</td><td>Syraälskande - NeutralDet ideala pH-värdet är mellan 5,3 och 5,7</td><td></td><td></td></tr><tr><td>Columnea</td><td>Coleonema</td><td>Syraälskande - NeutralDet ideala pH-värdet är mellan 5,3 och 5,7</td><td></td><td></td></tr><tr><td>Colutea arborescens</td><td>Blossombush</td><td>Lime-älskandeDet ideala pH-värdet är mellan 6,8 och 7,2</td><td></td><td></td></tr><tr><td>Barrträd</td><td>Barrträd</td><td>NeutralDet ideala pH-värdet är mellan 5,8 och 6,2</td><td></td><td></td></tr><tr><td>Convallaria</td><td>Liljekonvalj</td><td>Syraälskande - NeutralDet ideala pH-värdet är mellan 5,3 och 5,7</td><td></td><td></td></tr><tr><td>Cornus</td><td>Kornell</td><td>Lime-älskandeDet ideala pH-värdet är mellan 6,8 och 7,2</td><td></td><td></td></tr><tr><td>Cornus alba</td><td>Vit kornell</td><td>Lime-älskandeDet ideala pH-värdet är mellan 6,8 och 7,2</td><td></td><td></td></tr><tr><td>Cornus canadensis</td><td>Krypande kornel</td><td>Syraälskande Det ideala pH-värdet är mellan 4,8 och 5,2</td><td></td><td></td></tr><tr><td>Cornus controversa</td><td>Jättekornell</td><td>Lime-älskandeDet ideala pH-värdet är mellan 6,8 och 7,2</td><td></td><td></td></tr><tr><td>Cornus florida</td><td>Amerikansk kornel</td><td>NeutralDet ideala pH-värdet är mellan 5,8 och 6,2</td><td></td><td></td></tr><tr><td>Cornus kousa</td><td>Japansk kornel</td><td>NeutralDet ideala pH-värdet är mellan 5,8 och 6,2</td><td></td><td></td></tr><tr><td>Cornus mas</td><td>Gul kornel</td><td>Lime-älskandeDet ideala pH-värdet är mellan 6,8 och 7,2</td><td></td><td></td></tr><tr><td>Cornus stolonifera</td><td>Kanadensisk kornel</td><td>Lime-älskandeDet ideala pH-värdet är mellan 6,8 och 7,2</td><td></td><td></td></tr><tr><td>Corylopsis</td><td>Glans hassel</td><td>Syraälskande - NeutralDet ideala pH-värdet är mellan 5,3 och 5,7</td><td></td><td></td></tr><tr><td>Corylus</td><td>Hassel</td><td>Lime-älskandeDet ideala pH-värdet är mellan 6,8 och 7,2</td><td></td><td></td></tr><tr><td>Cotinus</td><td>Peruk träd</td><td>Lime-älskandeDet ideala pH-värdet är mellan 6,8 och 7,2</td><td></td><td></td></tr><tr><td>Cotoneaster</td><td>Dvärgmispel</td><td>Lime-älskandeDet ideala pH-värdet är mellan 6,8 och 7,2</td><td></td><td></td></tr><tr><td>Crataegus</td><td>Hagtorn</td><td>Lime-älskandeDet ideala pH-värdet är mellan 6,8 och 7,2</td><td></td><td></td></tr><tr><td>Crossandra</td><td>Rosie</td><td>Syraälskande - NeutralDet ideala pH-värdet är mellan 5,3 och 5,7</td><td></td><td></td></tr><tr><td>Cryptomeria japonica</td><td>Japansk ceder</td><td>Lime-älskandeDet ideala pH-värdet är mellan 6,8 och 7,2</td><td></td><td></td></tr><tr><td>Cucumis sativus</td><td>Gurka</td><td>NeutralDet ideala pH-värdet är mellan 6,4 och 6,8</td><td></td><td></td></tr><tr><td>Cucurbita pepo</td><td>Zucchini</td><td>NeutralDet ideala pH-värdet är mellan 6,4 och 6,8</td><td></td><td></td></tr><tr><td>Cupressocyparis leylandii</td><td>Leylancypress</td><td>Lime-älskandeDet ideala pH-värdet är mellan 6,8 och 7,2</td><td></td><td></td></tr><tr><td>Cyklamen</td><td>Cyclamen, alpin viol, fläskbröd</td><td>Syraälskande - NeutralDet ideala pH-värdet är mellan 5,3 och 5,7</td><td></td><td></td></tr><tr><td>Cymbidium</td><td>Cymbidium</td><td>Syraälskande Det ideala pH-värdet är mellan 4,8 och 5,2</td><td></td><td></td></tr><tr><td>Cytisus</td><td>Kvast</td><td>Syraälskande Det ideala pH-värdet är mellan 4,8 och 5,2</td><td></td><td></td></tr><tr><td>Daboecia cantabrica</td><td>Irländska Heather</td><td>Syraälskande Det ideala pH-värdet är mellan 4,8 och 5,2</td><td></td><td></td></tr><tr><td>Dahlia</td><td>Dahlia</td><td>NeutralDet ideala pH-värdet är mellan 5,8 och 6,2</td><td></td><td></td></tr><tr><td>Daphne</td><td>Pepparträd</td><td>Lime-älskandeDet ideala pH-värdet är mellan 6,8 och 7,2</td><td></td><td></td></tr><tr><td>Davidiai</td><td>Vimpelträd</td><td>Lime-älskandeDet ideala pH-värdet är mellan 6,8 och 7,2</td><td></td><td></td></tr><tr><td>Decaisnea</td><td>gurka buske</td><td>Lime-älskandeDet ideala pH-värdet är mellan 6,8 och 7,2</td><td></td><td></td></tr><tr><td>Dendrobium</td><td>Dendrobium</td><td>Syraälskande Det ideala pH-värdet är mellan 4,8 och 5,2</td><td></td><td></td></tr><tr><td>Deutzia</td><td>Brudblomma</td><td>Lime-älskandeDet ideala pH-värdet är mellan 6,8 och 7,2</td><td></td><td></td></tr><tr><td>Dianthus</td><td>Nejlika</td><td>NeutralDet ideala pH-värdet är mellan 5,8 och 6,2</td><td></td><td></td></tr><tr><td>Dieffenbachia</td><td>Dieffenbachia</td><td>Syraälskande - NeutralDet ideala pH-värdet är mellan 5,3 och 5,7</td><td></td><td></td></tr><tr><td>Dracaena</td><td>Drakblodsträd</td><td>Syraälskande - NeutralDet ideala pH-värdet är mellan 5,3 och 5,7</td><td></td><td></td></tr><tr><td>Elaeagnus</td><td>Oliv pil</td><td>Lime-älskandeDet ideala pH-värdet är mellan 6,8 och 7,2</td><td></td><td></td></tr><tr><td>Enkianthus</td><td>Balklocka</td><td>Syraälskande Det ideala pH-värdet är mellan 4,8 och 5,2</td><td></td><td></td></tr><tr><td>Erica</td><td>Heather, Heather</td><td>Syraälskande Det ideala pH-värdet är mellan 4,8 och 5,2</td><td></td><td></td></tr><tr><td>Euonymus alatus</td><td>Cardinals hatt, Cardinals hatt</td><td>NeutralDet ideala pH-värdet är mellan 5,8 och 6,2</td><td></td><td></td></tr><tr><td>Euonymus europaeus</td><td>Cardinals hatt</td><td>Lime-älskandeDet ideala pH-värdet är mellan 6,8 och 7,2</td><td></td><td></td></tr><tr><td>Euonymus fortunei</td><td>Lila kardinalsparv</td><td>Lime-älskandeDet ideala pH-värdet är mellan 6,8 och 7,2</td><td></td><td></td></tr><tr><td>Euonymus planipis</td><td>storbladig kardinalhatt</td><td>Lime-älskandeDet ideala pH-värdet är mellan 6,8 och 7,2</td><td></td><td></td></tr><tr><td>Euphorbia</td><td>Spurge</td><td>Syraälskande - NeutralDet ideala pH-värdet är mellan 5,3 och 5,7</td><td></td><td></td></tr><tr><td>Exochorda racemosa</td><td>Pärlbuske</td><td>Syraälskande - NeutralDet ideala pH-värdet är mellan 5,3 och 5,7</td><td></td><td></td></tr><tr><td>Fagus silvatica</td><td>Bok</td><td>Lime-älskandeDet ideala pH-värdet är mellan 6,8 och 7,2</td><td></td><td></td></tr><tr><td>Fargesia</td><td>Bambu</td><td>Syraälskande - NeutralDet ideala pH-värdet är mellan 5,3 och 5,7</td><td></td><td></td></tr><tr><td>Ficus carica</td><td>Fikonträd</td><td>Syraälskande - NeutralDet ideala pH-värdet är mellan 5,3 och 5,7</td><td></td><td></td></tr><tr><td>Foeniculum vulgare</td><td>Fänkål</td><td>NeutralDet ideala pH-värdet är mellan 6,5 och 6,9</td><td></td><td></td></tr><tr><td>Forsythia</td><td>Forsythia</td><td>Lime-älskandeDet ideala pH-värdet är mellan 6,8 och 7,2</td><td></td><td></td></tr><tr><td>Fothergilla</td><td>Fothergilla</td><td>Syraälskande - NeutralDet ideala pH-värdet är mellan 5,3 och 5,7</td><td></td><td></td></tr><tr><td>Fragaria</td><td>Jordgubbe</td><td>NeutralDet ideala pH-värdet är mellan 5,8 och 6,2</td><td></td><td></td></tr><tr><td>Fraxinus</td><td>Es</td><td>Neutral - Limeälskande Det ideala pH-värdet är mellan 6,3 och 6,7</td><td></td><td></td></tr><tr><td>Freesia hybrida</td><td>Fresia</td><td>NeutralDet ideala pH-värdet är mellan 5,8 och 6,2</td><td></td><td></td></tr><tr><td>Fuchsia</td><td>Fuchsia</td><td>Syraälskande - NeutralDet ideala pH-värdet är mellan 5,3 och 5,7</td><td></td><td></td></tr><tr><td>Gardenia grandiflora</td><td>Jasmin</td><td>Syraälskande - NeutralDet ideala pH-värdet är mellan 5,3 och 5,7</td><td></td><td></td></tr><tr><td>Gaultheria</td><td>Pärlbär</td><td>Syraälskande - NeutralDet ideala pH-värdet är mellan 5,3 och 5,7</td><td></td><td></td></tr><tr><td>Genista</td><td>Heath kvast</td><td>Lime-älskandeDet ideala pH-värdet är mellan 6,8 och 7,2</td><td></td><td></td></tr><tr><td>Genista sagittalis</td><td>Pilbroms</td><td>Syraälskande - NeutralDet ideala pH-värdet är mellan 5,3 och 5,7</td><td></td><td></td></tr><tr><td>Genista tinctoria</td><td>Lackbroms</td><td>Syraälskande - NeutralDet ideala pH-värdet är mellan 5,3 och 5,7</td><td></td><td></td></tr><tr><td>Geranium</td><td>Geranium</td><td>NeutralDet ideala pH-värdet är mellan 6,2 och 6,6</td><td></td><td></td></tr><tr><td>Gerbera</td><td>Gerbera</td><td>Syraälskande - NeutralDet ideala pH-värdet är mellan 5,3 och 5,7</td><td></td><td></td></tr><tr><td>Ginkgo biloba</td><td>Japanskt nötträd</td><td>Lime-älskandeDet ideala pH-värdet är mellan 6,8 och 7,2</td><td></td><td></td></tr><tr><td>Gladiolus</td><td>Gladiolus</td><td>NeutralDet ideala pH-värdet är mellan 5,8 och 6,2</td><td></td><td></td></tr><tr><td>Gleditsia triacanthos</td><td>Honung gräshoppa</td><td>Lime-älskandeDet ideala pH-värdet är mellan 6,8 och 7,2</td><td></td><td></td></tr><tr><td>Gymnocladus</td><td>Dött benträd</td><td>Lime-älskandeDet ideala pH-värdet är mellan 6,8 och 7,2</td><td></td><td></td></tr><tr><td>Halesia</td><td>Snödroppe träd</td><td>Lime-älskandeDet ideala pH-värdet är mellan 6,8 och 7,2</td><td></td><td></td></tr><tr><td>Hamamelis japonica</td><td>Japansk trollhassel</td><td>Syraälskande - NeutralDet ideala pH-värdet är mellan 5,3 och 5,7</td><td></td><td></td></tr><tr><td>Hamamelis mollis</td><td>Kinesisk trollhassel</td><td>Syraälskande - NeutralDet ideala pH-värdet är mellan 5,3 och 5,7</td><td></td><td></td></tr><tr><td>Hamamelis virginiana</td><td>Virgin Witch Hazel</td><td>Syraälskande - NeutralDet ideala pH-värdet är mellan 5,3 och 5,7</td><td></td><td></td></tr><tr><td>Hedera</td><td>Murgröna</td><td>Lime-älskandeDet ideala pH-värdet är mellan 6,8 och 7,2</td><td></td><td></td></tr><tr><td>Helleborus</td><td>Hellebore</td><td>Lime-älskandeDet ideala pH-värdet är mellan 6,8 och 7,2</td><td></td><td></td></tr><tr><td>Hibiskus</td><td>Marsh rose</td><td>Syraälskande - NeutralDet ideala pH-värdet är mellan 5,3 och 5,7</td><td></td><td></td></tr><tr><td>Hibiscus syriacus</td><td>Altheae buske</td><td>Lime-älskandeDet ideala pH-värdet är mellan 6,8 och 7,2</td><td></td><td></td></tr><tr><td>Hippeastrum</td><td>Amaryllis</td><td>NeutralDet ideala pH-värdet är mellan 5,8 och 6,2</td><td></td><td></td></tr><tr><td>Hippophae rhamnoides</td><td>Havtorn</td><td>Lime-älskandeDet ideala pH-värdet är mellan 6,8 och 7,2</td><td></td><td></td></tr><tr><td>Holodicus missfärgas</td><td>Alderspirea, Plumespirea</td><td>NeutralDet ideala pH-värdet är mellan 5,8 och 6,2</td><td></td><td></td></tr><tr><td>Hosta</td><td>Hosta</td><td>NeutralDet ideala pH-värdet är mellan -0,2 och 0,2</td><td></td><td></td></tr><tr><td>Hortensia</td><td>Hortensia</td><td>Syraälskande Det ideala pH-värdet är mellan 4,8 och 5,2</td><td></td><td></td></tr><tr><td>Hortensia paniculata</td><td>Panikelhortensia</td><td>NeutralDet ideala pH-värdet är mellan 5,8 och 6,2</td><td></td><td></td></tr><tr><td>Hortensia petiolaris</td><td>Klätterhortensia</td><td>Syraälskande - NeutralDet ideala pH-värdet är mellan 5,3 och 5,7</td><td></td><td></td></tr><tr><td>Hypericum</td><td>Rådjur hö</td><td>Lime-älskandeDet ideala pH-värdet är mellan 6,8 och 7,2</td><td></td><td></td></tr><tr><td>Ilex aquifolium</td><td>Järnek</td><td>Lime-älskandeDet ideala pH-värdet är mellan 6,8 och 7,2</td><td></td><td></td></tr><tr><td>Ilex crenata</td><td>Japansk järnek</td><td>Syraälskande - NeutralDet ideala pH-värdet är mellan 5,3 och 5,7</td><td></td><td></td></tr><tr><td>Ilex verticillata</td><td>Vinterbär</td><td>Lime-älskandeDet ideala pH-värdet är mellan 6,8 och 7,2</td><td></td><td></td></tr><tr><td>Impatiens</td><td>Vårfrö</td><td>Syraälskande - NeutralDet ideala pH-värdet är mellan 5,3 och 5,7</td><td></td><td></td></tr><tr><td>Jasminum nudiflorum</td><td>Vinterjasmin</td><td>Lime-älskandeDet ideala pH-värdet är mellan 6,8 och 7,2</td><td></td><td></td></tr><tr><td>Juglans regia</td><td>Valnöt</td><td>Lime-älskandeDet ideala pH-värdet är mellan 6,8 och 7,2</td><td></td><td></td></tr><tr><td>Juniper</td><td>Enbär</td><td>Lime-älskandeDet ideala pH-värdet är mellan 6,8 och 7,2</td><td></td><td></td></tr><tr><td>Kalanchoe</td><td>Kalanchoe</td><td>Syraälskande - NeutralDet ideala pH-värdet är mellan 5,3 och 5,7</td><td></td><td></td></tr><tr><td>Kalmia angustifolia</td><td>Smalbladigt skedträd</td><td>Syraälskande - NeutralDet ideala pH-värdet är mellan 5,3 och 5,7</td><td></td><td></td></tr><tr><td>Kalmia latifolia</td><td>Bredbladigt skedträd</td><td>Syraälskande - NeutralDet ideala pH-värdet är mellan 5,3 och 5,7</td><td></td><td></td></tr><tr><td>Bomull</td><td>Bomull</td><td>Syraälskande - NeutralDet ideala pH-värdet är mellan 5,3 och 5,7</td><td></td><td></td></tr><tr><td>Kerria japonica</td><td>Ranunculus buske</td><td>Syraälskande - NeutralDet ideala pH-värdet är mellan 5,3 och 5,7</td><td></td><td></td></tr><tr><td>Koelreuteria</td><td>Tvålträd</td><td>Lime-älskandeDet ideala pH-värdet är mellan 6,8 och 7,2</td><td></td><td></td></tr><tr><td>Laburnum anagyroides</td><td>Laburnum</td><td>Lime-älskandeDet ideala pH-värdet är mellan 6,8 och 7,2</td><td></td><td></td></tr><tr><td>Lactuca sativa</td><td>Sallad</td><td>NeutralDet ideala pH-värdet är mellan 6,2 och 6,6</td><td></td><td></td></tr><tr><td>Lactuca sativa capitata</td><td>Huvudsallat</td><td>NeutralDet ideala pH-värdet är mellan 6,2 och 6,6</td><td></td><td></td></tr><tr><td>Lactuca sativa crispa</td><td>Romainesallat</td><td>NeutralDet ideala pH-värdet är mellan 6,2 och 6,6</td><td></td><td></td></tr><tr><td>Larix</td><td>Lärk, Lork</td><td>Lime-älskandeDet ideala pH-värdet är mellan 6,8 och 7,2</td><td></td><td></td></tr><tr><td>Lathyrus</td><td>Lathyrus</td><td>NeutralDet ideala pH-värdet är mellan 5,8 och 6,2</td><td></td><td></td></tr><tr><td>Laurus nobilis</td><td>Laurel</td><td>NeutralDet ideala pH-värdet är mellan -0,2 och 0,2</td><td></td><td></td></tr><tr><td>Lavandula</td><td>Lavendel</td><td>Lime-älskandeDet ideala pH-värdet är mellan 6,8 och 7,2</td><td></td><td></td></tr><tr><td>Lespedeza</td><td>Lespedeza</td><td>Lime-älskandeDet ideala pH-värdet är mellan 6,8 och 7,2</td><td></td><td></td></tr><tr><td>Leucothoe</td><td>Leucothoe</td><td>Syraälskande Det ideala pH-värdet är mellan 4,8 och 5,2</td><td></td><td></td></tr><tr><td>Ligustrum</td><td>Liguster</td><td>NeutralDet ideala pH-värdet är mellan 5,8 och 6,2</td><td></td><td></td></tr><tr><td>Ligustrum ovalifolium</td><td>häckliguster</td><td>Lime-älskandeDet ideala pH-värdet är mellan 6,8 och 7,2</td><td></td><td></td></tr><tr><td>Ligustrum vulgare</td><td>Vild liguster</td><td>Lime-älskandeDet ideala pH-värdet är mellan 6,8 och 7,2</td><td></td><td></td></tr><tr><td>Lilium</td><td>Lilja</td><td>Syraälskande - NeutralDet ideala pH-värdet är mellan 5,3 och 5,7</td><td></td><td></td></tr><tr><td>Linnéa</td><td>Linnéa</td><td>Lime-älskandeDet ideala pH-värdet är mellan 6,8 och 7,2</td><td></td><td></td></tr><tr><td>Liquidambar styraciflua</td><td>Sweetgum</td><td>NeutralDet ideala pH-värdet är mellan 5,8 och 6,2</td><td></td><td></td></tr><tr><td>Liriodendron tulpifera</td><td>Tulpanträd</td><td>NeutralDet ideala pH-värdet är mellan 5,8 och 6,2</td><td></td><td></td></tr><tr><td>Lobelia</td><td>Lobelia</td><td>NeutralDet ideala pH-värdet är mellan 5,8 och 6,2</td><td></td><td></td></tr><tr><td>Lonicera</td><td>Kaprifol</td><td>Lime-älskandeDet ideala pH-värdet är mellan 6,8 och 7,2</td><td></td><td></td></tr><tr><td>Magnolia lilliflora</td><td>Magnolia</td><td>Lime-älskandeDet ideala pH-värdet är mellan 6,8 och 7,2</td><td></td><td></td></tr><tr><td>Magnolia soulangiana</td><td>Vanlig Magnolia</td><td>Syraälskande - NeutralDet ideala pH-värdet är mellan 5,3 och 5,7</td><td></td><td></td></tr><tr><td>Malus domestica</td><td>Äpple</td><td>NeutralDet ideala pH-värdet är mellan 6 och 6,4</td><td></td><td></td></tr><tr><td>Malus hybrida</td><td>Dekorativt äpple</td><td>Lime-älskandeDet ideala pH-värdet är mellan 6,8 och 7,2</td><td></td><td></td></tr><tr><td>Metasequoia</td><td>Vattencypress</td><td>Lime-älskandeDet ideala pH-värdet är mellan 6,8 och 7,2</td><td></td><td></td></tr><tr><td>Mikrobiota</td><td>Mikrobiota</td><td>Lime-älskandeDet ideala pH-värdet är mellan 6,8 och 7,2</td><td></td><td></td></tr><tr><td>Monstera deliciosa</td><td>Hålväxt</td><td>Syraälskande - NeutralDet ideala pH-värdet är mellan 5,3 och 5,7</td><td></td><td></td></tr><tr><td>Morus alba</td><td>Vit mullbär</td><td>Lime-älskandeDet ideala pH-värdet är mellan 6,8 och 7,2</td><td></td><td></td></tr><tr><td>Narciss</td><td>Påsklilja</td><td>Lime-älskandeDet ideala pH-värdet är mellan 6,8 och 7,2</td><td></td><td></td></tr><tr><td>Nerium</td><td>Oleander</td><td>Syraälskande - NeutralDet ideala pH-värdet är mellan 5,3 och 5,7</td><td></td><td></td></tr><tr><td>Nothofagus antarktis</td><td>Shambeam</td><td>Syraälskande - NeutralDet ideala pH-värdet är mellan 5,3 och 5,7</td><td></td><td></td></tr><tr><td>Olea</td><td>Olivträd</td><td>Lime-älskandeDet ideala pH-värdet är mellan 6,8 och 7,2</td><td></td><td></td></tr><tr><td>Origanum</td><td>Mejram</td><td>Lime-älskandeDet ideala pH-värdet är mellan 6,8 och 7,2</td><td></td><td></td></tr><tr><td>Osmanthus</td><td>Sham järnek</td><td>NeutralDet ideala pH-värdet är mellan 6 och 6,4</td><td></td><td></td></tr><tr><td>Oxycoccos</td><td>Tranbär</td><td>Syraälskande Det ideala pH-värdet är mellan 4,8 och 5,2</td><td></td><td></td></tr><tr><td>Pachysandra</td><td>Pachysandra</td><td>NeutralDet ideala pH-värdet är mellan 5,8 och 6,2</td><td></td><td></td></tr><tr><td>Palmae</td><td>Palms</td><td>NeutralDet ideala pH-värdet är mellan 5,8 och 6,2</td><td></td><td></td></tr><tr><td>Paphiopedilum</td><td>Paphiopedilum</td><td>Syraälskande Det ideala pH-värdet är mellan 4,8 och 5,2</td><td></td><td></td></tr><tr><td>Parrotia</td><td>Ironwood</td><td>Neutral - Limeälskande Det ideala pH-värdet är mellan 6,3 och 6,7</td><td></td><td></td></tr><tr><td>Parthenocissus quiquefolia</td><td>Virginia ranka</td><td>Lime-älskandeDet ideala pH-värdet är mellan 6,8 och 7,2</td><td></td><td></td></tr><tr><td>Paulownia tomentosa</td><td>Blåklocka träd</td><td>Lime-älskandeDet ideala pH-värdet är mellan 6,8 och 7,2</td><td></td><td></td></tr><tr><td>Peperomia</td><td>Peperomia</td><td>Syraälskande - NeutralDet ideala pH-värdet är mellan 5,3 och 5,7</td><td></td><td></td></tr><tr><td>Perovskia</td><td>Rysk visman</td><td>Lime-älskandeDet ideala pH-värdet är mellan 6,8 och 7,2</td><td></td><td></td></tr><tr><td>Persilja</td><td>Persilja</td><td>NeutralDet ideala pH-värdet är mellan 5,8 och 6,2</td><td></td><td></td></tr><tr><td>Petunia</td><td>Petunia</td><td>NeutralDet ideala pH-värdet är mellan 6,2 och 6,6</td><td></td><td></td></tr><tr><td>Philadelphus</td><td>Bondens jasmin</td><td>Lime-älskandeDet ideala pH-värdet är mellan 6,8 och 7,2</td><td></td><td></td></tr><tr><td>Filodendron</td><td>Filodendron</td><td>Syraälskande - NeutralDet ideala pH-värdet är mellan 5,3 och 5,7</td><td></td><td></td></tr><tr><td>Photinia</td><td>Glansmispel</td><td>Syraälskande - NeutralDet ideala pH-värdet är mellan 5,3 och 5,7</td><td></td><td></td></tr><tr><td>Physocarpus</td><td>Blåssöt</td><td>NeutralDet ideala pH-värdet är mellan 5,8 och 6,2</td><td></td><td></td></tr><tr><td>Picae abies</td><td>Gran, kungsgran</td><td>Syraälskande - NeutralDet ideala pH-värdet är mellan 5,3 och 5,7</td><td></td><td></td></tr><tr><td>Pieris</td><td>Pieris</td><td>Syraälskande Det ideala pH-värdet är mellan 4,8 och 5,2</td><td></td><td></td></tr><tr><td>Pinus</td><td>Tall, tall</td><td>Syraälskande - NeutralDet ideala pH-värdet är mellan 5,3 och 5,7</td><td></td><td></td></tr><tr><td>Pisum sativum</td><td>Ärta</td><td>NeutralDet ideala pH-värdet är mellan 6,5 och 6,9</td><td></td><td></td></tr><tr><td>Plantanus acerifolia</td><td>Plan</td><td>Lime-älskandeDet ideala pH-värdet är mellan 6,8 och 7,2</td><td></td><td></td></tr><tr><td>Populus</td><td>Poppel</td><td>Lime-älskandeDet ideala pH-värdet är mellan 6,8 och 7,2</td><td></td><td></td></tr><tr><td>Potentilla</td><td>Gåskådare</td><td>Syraälskande - NeutralDet ideala pH-värdet är mellan 5,3 och 5,7</td><td></td><td></td></tr><tr><td>Primula vulg./acaulis</td><td>Primrose</td><td>Syraälskande - NeutralDet ideala pH-värdet är mellan 5,3 och 5,7</td><td></td><td></td></tr><tr><td>Prunus avium</td><td>Söt körsbär</td><td>NeutralDet ideala pH-värdet är mellan 6 och 6,4</td><td></td><td></td></tr><tr><td>Prunus domestica</td><td>Plommon</td><td>NeutralDet ideala pH-värdet är mellan 6 och 6,4</td><td></td><td></td></tr><tr><td>Pseudotsuga menziesii</td><td>Douglasgran</td><td>Syraälskande - NeutralDet ideala pH-värdet är mellan 5,3 och 5,7</td><td></td><td></td></tr><tr><td>Pterocarya fraxinifolia</td><td>Vingnöt</td><td>Lime-älskandeDet ideala pH-värdet är mellan 6,8 och 7,2</td><td></td><td></td></tr><tr><td>Pyracantha</td><td>Eldhorn</td><td>Lime-älskandeDet ideala pH-värdet är mellan 6,8 och 7,2</td><td></td><td></td></tr><tr><td>Pyrus</td><td>Päron</td><td>NeutralDet ideala pH-värdet är mellan 6 och 6,4</td><td></td><td></td></tr><tr><td>Pyrus calleryana</td><td>Prydnadspäron</td><td>Lime-älskandeDet ideala pH-värdet är mellan 6,8 och 7,2</td><td></td><td></td></tr><tr><td>Pyrus salicifolia</td><td>Pilpäron, Pilbladspäron</td><td>Lime-älskandeDet ideala pH-värdet är mellan 6,8 och 7,2</td><td></td><td></td></tr><tr><td>Quercus</td><td>Ek</td><td>Lime-älskandeDet ideala pH-värdet är mellan 6,8 och 7,2</td><td></td><td></td></tr><tr><td>Quercus palustris</td><td>Stift ek</td><td>NeutralDet ideala pH-värdet är mellan 5,8 och 6,2</td><td></td><td></td></tr><tr><td>Quercus rubra</td><td>Amerikansk ek</td><td>NeutralDet ideala pH-värdet är mellan 5,8 och 6,2</td><td></td><td></td></tr><tr><td>Rhamnus cathartica</td><td>Havtorn (hinkträd)</td><td>Lime-älskandeDet ideala pH-värdet är mellan 6,8 och 7,2</td><td></td><td></td></tr><tr><td>Rhamnus frangula</td><td>Sporkehout (Bucket tree)</td><td>Lime-älskandeDet ideala pH-värdet är mellan 6,8 och 7,2</td><td></td><td></td></tr><tr><td>Rhododendron</td><td>Rhododendron</td><td>Syraälskande Det ideala pH-värdet är mellan 4,8 och 5,2</td><td></td><td></td></tr><tr><td>Rhus tyfina</td><td>Vinägerträd, sammetsträd</td><td>Lime-älskandeDet ideala pH-värdet är mellan 6,8 och 7,2</td><td></td><td></td></tr><tr><td>Ribes</td><td>Vinbär, revbensbär, alpbär, röda vinbär, krusbär</td><td>Lime-älskandeDet ideala pH-värdet är mellan 6,8 och 7,2</td><td></td><td></td></tr><tr><td>Robinia hispida</td><td>Rött regn, grov akacia</td><td>Lime-älskandeDet ideala pH-värdet är mellan 6,8 och 7,2</td><td></td><td></td></tr><tr><td>Robinia pseudoacacis</td><td>Falsk akacia</td><td>Lime-älskandeDet ideala pH-värdet är mellan 6,8 och 7,2</td><td></td><td></td></tr><tr><td>Rosa</td><td>Ros</td><td>NeutralDet ideala pH-värdet är mellan 6,6 och 7</td><td></td><td></td></tr><tr><td>Rosa carolina</td><td>Sandrose</td><td>Syraälskande - NeutralDet ideala pH-värdet är mellan 5,3 och 5,7</td><td></td><td></td></tr><tr><td>Rubus</td><td>Björnbär</td><td>Syraälskande - NeutralDet ideala pH-värdet är mellan 5,3 och 5,7</td><td></td><td></td></tr><tr><td>Saintpaulia</td><td>Cape Violet</td><td>Syraälskande - NeutralDet ideala pH-värdet är mellan 5,3 och 5,7</td><td></td><td></td></tr><tr><td>Salix alba</td><td>White Willow, White Willow</td><td>Syraälskande - NeutralDet ideala pH-värdet är mellan 5,3 och 5,7</td><td></td><td></td></tr><tr><td>Salix caprea</td><td>Vattenpil, Skogsvid</td><td>Syraälskande - NeutralDet ideala pH-värdet är mellan 5,3 och 5,7</td><td></td><td></td></tr><tr><td>Salix cinerea</td><td>Grå pil</td><td>Syraälskande - NeutralDet ideala pH-värdet är mellan 5,3 och 5,7</td><td></td><td></td></tr><tr><td>Salvia</td><td>Salvia</td><td>Syraälskande - NeutralDet ideala pH-värdet är mellan 5,3 och 5,7</td><td></td><td></td></tr><tr><td>Sambucus</td><td>Äldre</td><td>Syraälskande - NeutralDet ideala pH-värdet är mellan 5,3 och 5,7</td><td></td><td></td></tr><tr><td>Sansevieria</td><td>Kvinnors tungomål</td><td>Syraälskande - NeutralDet ideala pH-värdet är mellan 5,3 och 5,7</td><td></td><td></td></tr><tr><td>Scabiosa</td><td>Scabiosa</td><td>Lime-älskandeDet ideala pH-värdet är mellan 6,8 och 7,2</td><td></td><td></td></tr><tr><td>Sciadopitet</td><td>Japanska ornament</td><td>Syraälskande - NeutralDet ideala pH-värdet är mellan 5,3 och 5,7</td><td></td><td></td></tr><tr><td>Selaginella</td><td>Engelska Moss</td><td>Syraälskande Det ideala pH-värdet är mellan 4,8 och 5,2</td><td></td><td></td></tr><tr><td>Senecio</td><td>Korsört</td><td>Syraälskande - NeutralDet ideala pH-värdet är mellan 5,3 och 5,7</td><td></td><td></td></tr><tr><td>Sequoiadendron giganteum</td><td>Jättetall, Redwood</td><td>Lime-älskandeDet ideala pH-värdet är mellan 6,8 och 7,2</td><td></td><td></td></tr><tr><td>Sinningia speciosa</td><td>Gloxinia</td><td>Syraälskande - NeutralDet ideala pH-värdet är mellan 5,3 och 5,7</td><td></td><td></td></tr><tr><td>Skimmia</td><td>Skimmia</td><td>Syraälskande Det ideala pH-värdet är mellan 4,8 och 5,2</td><td></td><td></td></tr><tr><td>Solanum lycopersicum</td><td>Tomat</td><td>NeutralDet ideala pH-värdet är mellan 6,4 och 6,8</td><td></td><td></td></tr><tr><td>Solanum melongena</td><td>Äggplanta</td><td>NeutralDet ideala pH-värdet är mellan 6,4 och 6,8</td><td></td><td></td></tr><tr><td>Solanum pseudocaps.</td><td>Nattskugga</td><td>Syraälskande - NeutralDet ideala pH-värdet är mellan 5,3 och 5,7</td><td></td><td></td></tr><tr><td>Solanum tuberosum</td><td>Potatis</td><td>NeutralDet ideala pH-värdet är mellan 5,4 och 5,8</td><td></td><td></td></tr><tr><td>Sophora japonica</td><td>Honungsträd, pagodträd</td><td>Lime-älskandeDet ideala pH-värdet är mellan 6,8 och 7,2</td><td></td><td></td></tr><tr><td>Sorbaria sorbifolia</td><td>Rönn spirea</td><td>Lime-älskandeDet ideala pH-värdet är mellan 6,8 och 7,2</td><td></td><td></td></tr><tr><td>Sorbus americana</td><td>Amerikansk Rowan</td><td>Lime-älskandeDet ideala pH-värdet är mellan 6,8 och 7,2</td><td></td><td></td></tr><tr><td>Spinacia oleracea</td><td>Spenat</td><td>NeutralDet ideala pH-värdet är mellan 6,2 och 6,6</td><td></td><td></td></tr><tr><td>Spirea</td><td>Spirea, Spirea</td><td>NeutralDet ideala pH-värdet är mellan 5,8 och 6,2</td><td></td><td></td></tr><tr><td>Staphylea colchica</td><td>Pimpnut</td><td>Lime-älskandeDet ideala pH-värdet är mellan 6,8 och 7,2</td><td></td><td></td></tr><tr><td>Stephanandra</td><td>Kransspirea</td><td>Syraälskande - NeutralDet ideala pH-värdet är mellan 5,3 och 5,7</td><td></td><td></td></tr><tr><td>Strelitzia</td><td>Paradisfågelblomma</td><td>Syraälskande - NeutralDet ideala pH-värdet är mellan 5,3 och 5,7</td><td></td><td></td></tr><tr><td>Streptocarpus</td><td>Roterande frukt, spiralfrukt</td><td>Syraälskande - NeutralDet ideala pH-värdet är mellan 5,3 och 5,7</td><td></td><td></td></tr><tr><td>Surfinia</td><td>Surfinia</td><td>NeutralDet ideala pH-värdet är mellan 6,2 och 6,6</td><td></td><td></td></tr><tr><td>Symphoricarpus</td><td>Snöbär</td><td>Lime-älskandeDet ideala pH-värdet är mellan 6,8 och 7,2</td><td></td><td></td></tr><tr><td>Schersmin</td><td>Lila</td><td>Lime-älskandeDet ideala pH-värdet är mellan 6,8 och 7,2</td><td></td><td></td></tr><tr><td>Tagetes</td><td>Ringblomma</td><td>NeutralDet ideala pH-värdet är mellan 5,8 och 6,2</td><td></td><td></td></tr><tr><td>Tamarix</td><td>Tamarisk</td><td>Lime-älskandeDet ideala pH-värdet är mellan 6,8 och 7,2</td><td></td><td></td></tr><tr><td>Taxodium</td><td>Skallig cypress</td><td>Syraälskande Det ideala pH-värdet är mellan 4,8 och 5,2</td><td></td><td></td></tr><tr><td>Idegran</td><td>Idegran</td><td>Lime-älskandeDet ideala pH-värdet är mellan 6,8 och 7,2</td><td></td><td></td></tr><tr><td>Thuja</td><td>Livets träd</td><td>Lime-älskandeDet ideala pH-värdet är mellan 6,8 och 7,2</td><td></td><td></td></tr><tr><td>Thym</td><td>Timjan</td><td>Lime-älskandeDet ideala pH-värdet är mellan 6,8 och 7,2</td><td></td><td></td></tr><tr><td>Tilia</td><td>Linde</td><td>Lime-älskandeDet ideala pH-värdet är mellan 6,8 och 7,2</td><td></td><td></td></tr><tr><td>Trillium</td><td>Trefaldig</td><td>Syraälskande Det ideala pH-värdet är mellan 4,8 och 5,2</td><td></td><td></td></tr><tr><td>Tsuga</td><td>Hemlock, Shearling furu</td><td>Syraälskande - NeutralDet ideala pH-värdet är mellan 5,3 och 5,7</td><td></td><td></td></tr><tr><td>Tulpan</td><td>Tulpan</td><td>Lime-älskandeDet ideala pH-värdet är mellan 6,8 och 7,2</td><td></td><td></td></tr><tr><td>Ulmus</td><td>Alm</td><td>Lime-älskandeDet ideala pH-värdet är mellan 6,8 och 7,2</td><td></td><td></td></tr><tr><td>Vaccinium</td><td>Blåbär</td><td>Syraälskande Det ideala pH-värdet är mellan 4,8 och 5,2</td><td></td><td></td></tr><tr><td>Valerianella</td><td>Lammsallat</td><td>NeutralDet ideala pH-värdet är mellan 6,2 och 6,6</td><td></td><td></td></tr><tr><td>Viburnum</td><td>Snöboll</td><td>Syraälskande Det ideala pH-värdet är mellan 4,8 och 5,2</td><td></td><td></td></tr><tr><td>Vinca</td><td>Snäcka</td><td>Lime-älskandeDet ideala pH-värdet är mellan 6,8 och 7,2</td><td></td><td></td></tr><tr><td>Altfiol</td><td>Violett</td><td>NeutralDet ideala pH-värdet är mellan 5,8 och 6,2</td><td></td><td></td></tr><tr><td>Vitis</td><td>Vin</td><td>Lime-älskandeDet ideala pH-värdet är mellan 6,8 och 7,2</td><td></td><td></td></tr><tr><td>Vitis vinifera</td><td>Druva</td><td>Lime-älskandeDet ideala pH-värdet är mellan 6,8 och 7,2</td><td></td><td></td></tr><tr><td>Vriesea</td><td>Vriesea</td><td>Syraälskande Det ideala pH-värdet är mellan 4,8 och 5,2</td><td></td><td></td></tr><tr><td>Weigela florida</td><td>kinesiska Weigela</td><td>NeutralDet ideala pH-värdet är mellan 5,8 och 6,2</td><td></td><td></td></tr><tr><td>Wisteria sinensis</td><td>Blåregn</td><td>Neutral - Limeälskande Det ideala pH-värdet är mellan 6,3 och 6,7</td><td></td><td></td></tr><tr><td>Zea mays Saccharata</td><td>Sockermajs</td><td>NeutralDet ideala pH-värdet är mellan 6 och 6,4</td><td></td><td></td></tr></tbody></table></figure>
<!-- /wp:table -->",,"Varje växt och gröda har sin egen jord-PH-preferens. Det finns. syraälskande, pH-neutrala och limeälskande växter."
