Naam,Dropshipment,Artikelnummer
Pootaardappelen Gloria A 28/40 (1000 kg),1,8719958012677
Pootaardappelen Gloria A 28/40 (500 kg),1,8719958012660
Pootaardappelen Gloria A 28/40 (250 kg),1,8719958012653
Pootaardappelen Gloria A 28/40 (20 kg),1,8719958012646
Pootaardappelen Gloria A 28/40 (10 kg),1,8719958012639
Pootaardappelen Gloria A 28/40 (5 kg),1,8719958012622
Pootaardappelen Roseval A 32/40 (1000 kg),1,8719958012615
Pootaardappelen Roseval A 32/40 (500 kg),1,8719958012608
Pootaardappelen Roseval A 32/40 (250 kg),1,8719958012592
Pootaardappelen Roseval A 32/40 (20 kg),1,8719958012585
Pootaardappelen Roseval A 32/40 (10 kg),1,8719958012578
Pootaardappelen Roseval A 32/40 (5 kg),1,8719958012561
Pootaardappelen Charlotte A 25/35 (1000 kg),1,8719958012554
Pootaardappelen Charlotte A 25/35 (500 kg),1,8719958012547
Pootaardappelen Charlotte A 25/35 (250 kg),1,8719958012530
Pootaardappelen Charlotte A 25/35 (20 kg),1,8719958012523
Pootaardappelen Charlotte A 25/35 (10 kg),1,8719958012516
Pootaardappelen Charlotte A 25/35 (5 kg),1,8719958012509
Pootaardappelen Première A 28/35 (1000 kg),1,8719958012493
Pootaardappelen Première A 28/35 (500 kg),1,8719958012486
Pootaardappelen Première A 28/35 (250 kg),1,8719958012479
Pootaardappelen Première A 28/35 (20 kg),1,8719958012462
Pootaardappelen Première A 28/35 (10 kg),1,8719958012455
Pootaardappelen Première A 28/35 (5 kg),1,8719958012448
Biologische Pootaardappelen Levante A 28/35 (1000 kg),1,8719958012431
Biologische Pootaardappelen Levante A 28/35 (500 kg),1,8719958012424
Biologische Pootaardappelen Levante A 28/35 (250 kg),1,8719958012417
Biologische Pootaardappelen Levante A 28/35 (20 kg),1,8719958012400
Biologische Pootaardappelen Levante A 28/35 (10 kg),1,8719958012394
Biologische Pootaardappelen Levante A 28/35 (5 kg),1,8719958012387
Biologische pootaardappelen Nola A 28/35 (1000 kg),1,8719958012370
Biologische pootaardappelen Nola A 28/35 (500 kg),1,8719958012363
Biologische pootaardappelen Nola A 28/35 (250 kg),1,8719958012356
Biologische pootaardappelen Nola A 28/35 (20 kg),1,8719958012349
Biologische pootaardappelen Nola A 28/35 (10 kg),1,8719958012332
Biologische pootaardappelen Nola A 28/35 (5 kg),1,8719958012325
Pootaardappelen Oscar A 28/40 (1000 kg),1,8719958012318
Pootaardappelen Oscar A 28/40 (500 kg),1,8719958012301
Pootaardappelen Oscar A 28/40 (250 kg),1,8719958012295
Pootaardappelen Oscar A 28/40 (20 kg),1,8719958012288
Pootaardappelen Oscar A 28/40 (10 kg),1,8719958012271
Pootaardappelen Oscar A 28/40 (5 kg),1,8719958012264
Pootaardappelen Nicola A 28/35 (1000 kg),1,8719958012257
Pootaardappelen Nicola A 28/35 (500 kg),1,8719958012240
Pootaardappelen Nicola A 28/35 (250 kg),1,8719958012233
Pootaardappelen Nicola A 28/35 (20 kg),1,8719958012226
Pootaardappelen Nicola A 28/35 (10 kg),1,8719958012219
Pootaardappelen Nicola A 28/35 (5 kg),1,8719958012202
Hay Graszaad – Gras voor Hooi & Kuilvoer (40x = 600 kg – voor 10 ha),1,8719958990364
Hay Graszaad – Gras voor Hooi & Kuilvoer (20x = 300 kg – voor 5 ha),1,8719958990371
Hay Graszaad – Gras voor Hooi & Kuilvoer (10x = 150 kg – voor 2.5 ha),1,8719958990388
Weidegraszaad Paddock – Voor Paardenweiden & Paddocks (40x = 600 kg – voor 66640 m²),1,8719958991231
Weidegraszaad Paddock – Voor Paardenweiden & Paddocks (20x = 300 kg – voor 33320 m²),1,8719958990425
Weidegraszaad Paddock – Voor Paardenweiden & Paddocks (10x = 150 kg – voor 16660 m²),1,8719958990432
Droogtebestendig Gazon Graszaad – Arida (30x = 600 kg voor 30000 m2),1,8719958991316
Droogtebestendig Gazon Graszaad – Arida (20x = 300 kg voor 15000 m2),1,8719958990777
Droogtebestendig Gazon Graszaad – Arida (10x = 150 kg voor 7500 m2),1,8719958990784
Biochar Plantaardige Houtskool Bodemverbeteraar (500 kg – 1750 L) – Organische Bodemverrijker,1,8719958991620
Microklaver Gazon – Zuiver klaverzaad (10 kg voor 5000 m2),1,8719958991309
Vlinderbloemen en Bijenmengsel – Nectar – 40 soorten (10 kg voor 5000 m2),1,8719958991125
Vlinderbloemen en Bijenmengsel – Nectar – 40 soorten (5 kg voor 2500 m2),1,8719958991132
Plukbloemen mengsel – Colour – 32 soorten Snijbloemen (10 kg voor 5000 m2),1,8719958991149
Plukbloemen mengsel – Colour – 32 soorten Snijbloemen (5 kg voor 2500 m2),1,8719958991156
Wildbloemenmengsel – Biodiversity – 62 soorten (10 kg voor 5000 m2),1,8719958991163
Wildbloemenmengsel – Biodiversity – 62 soorten (5 kg voor 2500 m2),1,8719958991170
Weidegraszaad Meadow – Voor Paarden en Kleinvee (10x = 150 kg voor 3 ha),1,8719958990791
Weidegraszaad Meadow – Voor Paarden en Kleinvee (20x = 300 kg voor 6 ha),1,8719958990807
Weidegraszaad Meadow – Voor Paarden en Kleinvee (40x = 600 kg voor 12 ha),1,8719958991354
Schaduwgazon Graszaad – Elegant (10x = 150 kg voor 7500 m2),1,8719958990814
"Schaduwgazon Graszaad – Elegant (20x = 300 kg voor 1,5 ha)",1,8719958990821
Schaduwgazon Graszaad – Elegant (40x = 600 kg voor 3 ha),1,8719958991361
Siergazon Graszaad – Elegant (10x = 150 kg voor 7500 m2),1,8719958990838
"Siergazon Graszaad – Elegant (20x = 300 kg voor 1,5 ha)",1,8719958990845
Siergazon Graszaad – Elegant (40x = 600 kg voor 3 ha),1,8719958991378
Herstelgazon Graszaad – Resilient (10x = 150 kg voor 7500 m2),1,8719958990852
"Herstelgazon Graszaad – Resilient (20x = 300 kg voor 1,5 ha)",1,8719958990869
Herstelgazon Graszaad – Resilient (40x = 600 kg voor 3 ha),1,8719958991385
Speelgazon Graszaad – Resilient (10x = 150 kg voor 7500 m2),1,8719958990876
"Speelgazon Graszaad – Resilient (20x = 300 kg voor 1,5 ha)",1,8719958990883
"Biologisch Plantgoed Pakket – Gele & Rode Plantuitjes, Sjalotten en Eikenzwam Entpluggen",1,8719958992382
"Biologisch Pootaardappelpakket (3x 2,5 kg = 7,5 kg) – Vroeg, Midden- en Laat Ras",1,8719958992399
Plantsjalotten Golden Gourmet (5 kg),1,8719958991736
Plantuien Red Baron 14/21 (5 kg) – Dieprode Schil en Smaak,1,8719958991798
Plantuien Sturon 14/21 (5 kg) – Ideaal voor Vroege Oogst,1,8719958991859
Biologische Pootaardappelen Alouette A 28/35 (5 kg),1,8719958991910
Biologische Pootaardappelen Vitabella A 28/35 (5 kg),1,8719958991972
Pootaardappelen Bintje A 28/35 (5 kg),1,8719958992092
Pootaardappelen Agria 28/35 (5 kg),1,8719958992153
Pootaardappelen Desiree A 28/35 (5 kg),1,8719958992214
Pootaardappelen Annabelle A 28/32 (5 kg),1,8719958992276
Biologische Pootaardappelen Frieslander A 28/35 (5 kg),1,8719958992030
Pootaardappelen Frieslander A 28/35 (5 kg),1,8719958992337
Pakket Pootaardappelen + Pakket Plantgoed,1,8719958992344
Pakket Plantgoed,1,8719958992351
Pakket Pootaardappelen,1,8719958992368
Pakket Pootaardappelen BIO + Pakket Plantgoed BIO,1,8719958992375
Speelgazon Graszaad – Resilient (40x = 600 kg voor 3 ha),1,8719958991392
Plantsjalotten Golden Gourmet (40x = 1000 kg),1,8719958991682
Plantsjalotten Golden Gourmet (20x = 500 kg),1,8719958991699
Plantsjalotten Golden Gourmet (10x = 250 kg),1,8719958991705
Plantsjalotten Golden Gourmet (20 kg),1,8719958991712
Plantsjalotten Golden Gourmet (10 kg),1,8719958991729
Plantuien Red Baron 14/21 (40x = 1000 kg) – Dieprode Schil en Smaak,1,8719958991743
Plantuien Red Baron 14/21 (20x = 500 kg) – Dieprode Schil en Smaak,1,8719958991750
Plantuien Red Baron 14/21 (10x = 250 kg) – Dieprode Schil en Smaak,1,8719958991767
Plantuien Red Baron 14/21 (20 kg) – Dieprode Schil en Smaak,1,8719958991774
Plantuien Red Baron 14/21 (10 kg) – Dieprode Schil en Smaak,1,8719958991781
Plantuien Sturon 14/21 (40x = 1000 kg) – Ideaal voor Vroege Oogst,1,8719958991804
Plantuien Sturon 14/21 (20x = 500 kg) – Ideaal voor Vroege Oogst,1,8719958991811
Plantuien Sturon 14/21 (10x = 250 kg) – Ideaal voor Vroege Oogst,1,8719958991828
Plantuien Sturon 14/21 (20 kg) – Ideaal voor Vroege Oogst,1,8719958991835
Plantuien Sturon 14/21 (10 kg) – Ideaal voor Vroege Oogst,1,8719958991842
Biologische Pootaardappelen Alouette A 28/35 (50x = 1000kg),1,8719958991866
Biologische Pootaardappelen Alouette A 28/35 (20x = 500kg),1,8719958991873
Biologische Pootaardappelen Alouette A 28/35 (10x = 250kg),1,8719958991880
Biologische Pootaardappelen Alouette A 28/35 (20 kg),1,8719958991897
Biologische Pootaardappelen Alouette A 28/35 (10 kg),1,8719958991903
Biologische Pootaardappelen Vitabella A 28/35 (40x = 1000 kg),1,8719958991927
Biologische Pootaardappelen Vitabella A 28/35 (20x = 500 kg),1,8719958991934
Biologische Pootaardappelen Vitabella A 28/35 (10x = 250 kg),1,8719958991941
Biologische Pootaardappelen Vitabella A 28/35 (20 kg),1,8719958991958
Biologische Pootaardappelen Vitabella A 28/35 (10 kg),1,8719958991965
Biologische Pootaardappelen Frieslander A 28/35 (40x = 1000 kg),1,8719958991989
Biologische Pootaardappelen Frieslander A 28/35 (20x = 500 kg),1,8719958991996
Biologische Pootaardappelen Frieslander A 28/35 (10x = 250 kg),1,8719958992009
Biologische Pootaardappelen Frieslander A 28/35 (20 kg),1,8719958992016
Biologische Pootaardappelen Frieslander A 28/35 (10 kg),1,8719958992023
Pootaardappelen Bintje A 28/35 (40x = 1000 kg),1,8719958992047
Pootaardappelen Bintje A 28/35 (20x = 500 kg),1,8719958992054
Pootaardappelen Bintje A 28/35 (10x = 250 kg),1,8719958992061
Pootaardappelen Bintje A 28/35 (20 kg),1,8719958992078
Pootaardappelen Bintje A 28/35 (10 kg),1,8719958992085
Pootaardappelen Agria 28/35 (40x = 1000 kg),1,8719958992108
Pootaardappelen Agria 28/35 (20x = 500 kg),1,8719958992115
Pootaardappelen Agria 28/35 (10x = 250 kg),1,8719958992122
Pootaardappelen Agria 28/35 (20 kg),1,8719958992139
Pootaardappelen Agria 28/35 (10 kg),1,8719958992146
Shipping,1,–
Pootaardappelen Desiree A 28/35 (40x = 1000 kg),1,8719958992160
Pootaardappelen Desiree A 28/35 (20x = 500 kg),1,8719958992177
Pootaardappelen Desiree A 28/35 (10x = 250 kg),1,8719958992184
Pootaardappelen Desiree A 28/35 (20 kg),1,8719958992191
Pootaardappelen Desiree A 28/35 (10 kg),1,8719958992207
Pootaardappelen Annabelle A 28/32 (40x = 1000 kg),1,8719958992221
Pootaardappelen Annabelle A 28/32 (20x = 500 kg),1,8719958992238
Pootaardappelen Annabelle A 28/32 (10x = 250 kg),1,8719958992245
Pootaardappelen Annabelle A 28/32 (20 kg),1,8719958992252
Pootaardappelen Annabelle A 28/32 (10 kg),1,8719958992269
Pootaardappelen Frieslander A 28/35 (40x = 1000kg),1,8719958992283
Pootaardappelen Frieslander A 28/35 (20x = 500kg),1,8719958992290
Pootaardappelen Frieslander A 28/35 (10x = 250kg),1,8719958992306
Pootaardappelen Frieslander A 28/35 (20kg),1,8719958992313
Pootaardappelen Frieslander A 28/35 (10 kg),1,8719958992320
GardiZoo Grasinsekten Konzentrat 500ml,1,5430004138044
Garden Premium subscription 300m²,1,–
Yucca Uitvloeier – Wetting Agent – 10 L voor 10 ha,1,8719958992924
Wormenmest – Vermicompost (Bigbag 1500 Liter – voor 1500m2),1,8719958993167
Wormenmest – Vermicompost (Bigbag 1000 Liter – voor 1000m2),1,8719958993174
Wormenmest – Vermicompost (Bigbag 500 Liter – voor 500m2),1,8719958993181
Gazon Topdressing – Mix met Mycorrhiza en Rhizobacteriën (Bigbag 1500 Liter – voor 1500m2),1,8719958993297
Gazon Topdressing – Mix met Mycorrhiza en Rhizobacteriën (Bigbag 1000 Liter – voor 1000m2),1,8719958993303
Gazon Topdressing – Mix met Mycorrhiza en Rhizobacteriën (Bigbag 500 Liter – voor 500m2),1,8719958994096
Frassor Insecten Frass (Bigbag 1000 kg – voor 10.000 m2),1,8719958996229
Algenkalk Granulaat – Zuiver Lithothamnium Calcareum (bigbag 1000 kg voor 5 ha),1,8719958993532
Algenkalk Poeder – Zuiver Lithothamnium Calcareum (bigbag 1000 kg voor 5 ha),1,8719958993549
Kippenmestkorrels  (bigbag 1000 kg – Voor 10000 m2),1,8719958997677
Kippenmestkorrels  (bigbag 600 kg – Voor 6000 m2),1,8719958997684
EM Vijverballen met plantvoeding (6 stuks – voor 1 jaar plantvoeding),1,8719958993440
EM Vijverballen met plantvoeding (20 stuks – voor 1 jaar plantvoeding),1,8719958993457
Mesttabletten All-In-One (500 tabs – voor 1 jaar plantvoeding),1,8719958993464
Mesttabletten All-In-One (100 tabs – voor 1 jaar plantvoeding),1,8719958993471
Vinasse NK Meststof 4.5 + 8 – Vloeibaar (800 l   IBC),1,8719958993686
Bodemverbeteraar – Activator Mix (Bigbag 1500 Liter – voor 1500m2),1,8719958993693
Bodemverbeteraar – Activator Mix (Bigbag 1000 Liter – voor 1000m2),1,8719958993709
Bodemverbeteraar – Activator Mix (Bigbag 500 Liter – voor 500m2),1,8719958993716
Gazonmest abonnement,1,8719958993891
Professionele Rugspuit – 16 liter – Compleet geleverd,1,8719958994393
Professionele drukspuit – 5 liter – inclusief lans en draagriem,1,8719958994409
Professionele Poederverstuiver 10 liter voor lavameel en algenkalk,1,8719958994416
Poederverstuiver 2 liter voor lavameel en algenkalk,1,8719958994423
"Poederverstuiver 0,75 liter voor lavameel en algenkalk",1,8719958994430
Bentoniet Klei – Zandgrond Bodemverbeteraar( bigbag 1000 kg – voor 10.000 m2),1,8719958995772
Bentoniet Klei – 100% Zuiver uit Wyoming ( Bigbag 500 Kg voor 5000m2),1,8719958995789
Bentoniet Klei – 100% Zuiver uit Wyoming  (10Kg voor 100m2),1,8719958995802
Bentoniet Klei – 100% Zuiver uit Wyoming (5Kg voor 50m2),1,8719958995819
Meelworm Frass – Insectenmest korrels (Bigbag 1000Kg – Voor 10000m2),1,8719958997202
Insectenmest korrels – Meelworm Frass (Bigbag 750Kg – Voor 7500m2),1,8719958997219
Insectenmest korrels – Meelworm Frass (Bigbag 500Kg – Voor 5000m2),1,8719958997226
Insectenmest korrels – Meelworm Frass (Bigbag 250Kg – Voor 2500m2),1,8719958997233
Insectenmest korrels – Meelworm Frass (10Kg voor 100m2),1,8719958997288
Insectenmest korrels – Meelworm Frass (5Kg voor 50m2),1,8719958997295
Insectenmest korrels – Black Soldier Fly Frass (Bigbag 1000Kg – Voor 10.000m2),1,8719958997301
Insectenmest korrels – Black Soldier Fly Frass (Bigbag 750Kg – Voor 7500m2),1,8719958997318
Insectenmest korrels – Black Soldier Fly Frass (Bigbag 500Kg – Voor 5000m2),1,8719958997325
Insectenmest korrels – Black Soldier Fly Frass (Bigbag 250Kg – Voor 2500m2),1,8719958997332
Insectenmest korrels – Black Soldier Fly Frass (36x = 720Kg – Voor 7200m2),1,8719958997349
Insectenmest korrels – Black Soldier Fly Frass (24x = 480Kg – Voor 4800m2),1,8719958997356
Insectenmest korrels – Black Soldier Fly Frass (12x = 240Kg – Voor 2400m2),1,8719958997363
Algenkalk Poeder – Zuiver Lithothamnium Calcareum (40x = 10000Kg voor 50.000m2),1,8719958997486
Algenkalk Poeder – Zuiver Lithothamnium Calcareum (20x = 500Kg voor 25.000m2),1,8719958997493
Algenkalk Poeder – Zuiver Lithothamnium Calcareum (10x = 250Kg voor 12.500m2),1,8719958997509
"Algenkalk Poeder – Zuiver Lithothamnium Calcareum (2,5Kg voor 125m2)",1,8719958997547
Gedroogde Koemest (Bigbag 1500 Liter – voor 1500m2),1,8719958997585
Gedroogde Koemest (Bigbag 1000 Liter – voor 1000m2),1,8719958997592
Gedroogde Koemest (Bigbag 500 Liter – voor 500m2),1,8719958997608
Premium Koemestkorrels (20Kg voor 100m2),1,8719958997615
Premium Koemestkorrels (10Kg voor 50m2),1,8719958997554
Premium koemestkorrels (5Kg voor 25m2),1,8719958997561
Professionele Strooiwagen getrokken – 160Kg – 200 liter  stalen bak,1,8719958997745
Lavagruis uit Eifel Oergesteente ( Bigbag 1000 Kg voor 10000m2),1,8719958997783
Lavagruis uit Eifel Oergesteente ( Bigbag 500 Kg voor 5000m2),1,8719958997790
Lavagruis uit Eifel Oergesteente (10Kg voor 100m2),1,8719958997813
Lavagruis uit Eifel Oergesteente (5Kg voor 50m2),1,8719958997820
Basaltmeel Bodemverbeteraar voor Kleigrond (Bigbag 1000Kg voor 10.000m2),1,8719958997998
Basaltmeel Bodemverbeteraar voor Kleigrond (Bigbag 500Kg voor 5000m2),1,8719958998001
Basaltmeel Bodemverbeteraar voor kleigrond (10kg voor 100m2,1,8719958998025
Basaltmeel Bodemverbeteraar voor kleigrond (5kg voor 50m2),1,8719958998032
Lavameel uit Eifel Oergesteente (5Kg voor 50m2),1,8719958998742
Veenvrije Biologische Potgrond 30 liter,1,8719958998988
Organifer Veenvrije Biologische Potgrond pallet met 60 x zak 40 liter,1,8719958998971
Organifer Veenvrije Biologische Potgrond 7.5 liter,1,8719958999008
Veenvrije Biologische Potgrond 15 liter,1,8719958998995
Biologische Moestuingrond Verrijker ( Teeltsubstraat) 30 Liter,1,8719958998940
Biologische Moestuingrond Verrijker ( Teeltsubstraat) pallet met 60 x zak40 liter,1,8719958998933
Biologische Moestuingrond Verrijker ( Teeltsubstraat) 7.5 Liter,1,8719958998964
Biologische Moestuingrond Verrijker ( Teeltsubstraat) 15 Liter,1,8719958998957
Biologische Zaai/ Stek- en Kruidengrond (Teeltsubstraat met Perliet) 30 Liter,1,8719958999022
Biologische Zaai/ Stek- en Kruidengrond (Teeltsubstraat met Perliet) Pallet met 70 x Zak 10 liter,1,8719958999015
Biologische Zaai/ Stek- en Kruidengrond (Teeltsubstraat met Perliet) 15 Liter,1,8719958999039
Biologische Zaai/ Stek- en Kruidengrond (Teeltsubstraat met Perliet) 7.5 Liter,1,8719958999046
Bodem Ph vocht en Zuurtegraad Meter,1,5904816017533
Kalk Meststof met Magnesium (bigbag 1200 kg – voor 24.000 m2),1,8719958999268
Kalk Meststof met Magnesium (bigbag 600 kg – voor 12.000 m2),1,8719958999275
Oergesteente Lavameel (bigbag 1000 kg – voor 10.000 m2),1,8719958999336
Lavameel uit Eifel Oergesteente (Bigbag 500Kg – Voor 5.000m2),1,8719958999343
Premium Hydrokorrels 8-16mm (36x 30L = 1080L),1,8719958999374
Premium Hydrokorrels 8-16mm  (12x 30L =  360L),1,8719958999398
Premium Hydrokorrels 8-16mm (24x 30L = 720L),1,8719958999381
Premium Hydrokorrels 8-16mm  (Bigbag 500L),1,8719958999077
Premium Hydrokorrels 8-16mm  (Bigbag 1000L),1,8719958999404
Premium Hydrokorrels 8-16mm  (30L),1,8719958999411
Premium Hydrokorrels 8-16mm  (15L),1,8719958999428
Vegan Plantaardige Meststof (bigbag 1000 kg – voor 10.000 m2),1,8719958999473
Vegan Plantaardige Mestkorrels 3in1 (Bigbag 750Kg – Voor 7.500m2),1,8719958999183
Vegan Plantaardige Mestkorrels 3in1 (Bigbag 250Kg – Voor 2.500m2),1,8719958999497
Vegan Plantaardige Mestkorrels 3in1 ( Bigbag 500Kg – Voor 5.000m2),1,8719958999480
Tuinmest  All-In-One  (bigbag 1000 kg – voor 10.000m2),1,8719958999565
Tuin Booster Mestkorrels 3in1 (Bigbag 250Kg – Voor 2.500m2),1,8719958999589
Tuin Booster Mestkorrels 3in1 (Bigbag 500Kg – Voor 5.000m2),1,8719958999572
Tuin Booster Mestkorrels 3in1 (Bigbag 750Kg – Voor 7.500m2),1,8719958999190
Gazonmest All-In-One (bigbag 1000 kg – voor 20.000 m2),1,8719958999114
Gazonmest 4in1  (Bigbag 500Kg – Voor 10.000m2),1,8719958999138
Gazonmest 4in1   (Bigbag 750Kg – Voor 15.000m2),1,8719958999121
Gazonmest 4in1  (Bigbag 250Kg – Voor 5000m2),1,8719958999145
Najaar Meststof 3in1 (Bigbag 750Kg – Voor 15.000m2),1,8719958999206
Najaarsmest All-In-One (bigbag 1000 kg – voor 20.000 m2),1,8719958999657
Najaar Meststof 3in1 (Bigbag 500Kg – Voor 10.000m2),1,8719958999664
Najaar Meststof 3in1 (Bigbag 250Kg – Voor 5000m2),1,8719958999671
Weidemeststof All-In-One (Bigbag 250Kg – Voor 5000m2),1,8719958999763
Weidemeststof All-In-One (Bigbag 500Kg – Voor 10.000m2),1,8719958999756
Weidemeststof All-In-One (Bigbag 750Kg – Voor 15.000m2),1,8719958999213
Weidemeststof All-In-One  (bigbag 1000 kg – voor 20.000 m2),1,8719958999749
Koemestkorrels 3in1 (bigbag 750 kg – voor 7500 m2),1,8719958999220
Premium Hydrokorrels 8-16mm  (7.5L),1,8719958999435
Lavameel uit Eifel Oergesteente(10Kg – Voor 100m2),1,8719958999367
Koemestkorrels 3in1 (bigbag 250 kg – voor 2500 m2),1,8719958213852
Koemestkorrels 3in1 (bigbag 500 kg – Voor 5000 m2),1,8719958213869
Koemestkorrels 3in1 (bigbag 1000 kg – voor 10.000 m2),1,8719958213876